date,ret
2015-01-01,3.1988424957112054e-05
2015-01-02,-0.0083304392757358
2015-01-05,0.008993979748628287
2015-01-06,0.007977919354289483
2015-01-07,0.0008603069756121604
2015-01-08,0.011472412069680329
2015-01-09,0.004875093422520456
2015-01-12,-0.008392924628832382
2015-01-13,0.0038875078408249887
2015-01-14,-0.009388826008289988
2015-01-15,0.008984503013072727
2015-01-16,-0.000299259109862529
2015-01-19,-0.0016486236354526056
2015-01-20,-0.006609295444039414
2015-01-21,0.012425413386740303
2015-01-22,-0.0013452948206880216
2015-01-23,-0.004083278221631073
2015-01-26,-0.003321335504882296
2015-01-27,0.005523091855533487
2015-01-28,0.0038544406436407837
2015-01-29,0.0043273261159598835
2015-01-30,0.004508210030078827
2015-02-02,0.021616476008704612
2015-02-03,-0.003864150163846156
2015-02-04,-0.004922427290715374
2015-02-05,-0.007937727282478777
2015-02-06,0.006359794225754957
2015-02-09,0.011489722927208916
2015-02-10,-0.0009394745765487507
2015-02-11,-0.00820156476962528
2015-02-12,-0.008044812156912395
2015-02-13,0.006705927878247011
2015-02-16,0.007632541712034422
2015-02-17,0.00563154268305195
2015-02-18,-0.006455097072886944
2015-02-19,0.002521613230667198
2015-02-20,0.0013668580914072824
2015-02-23,0.0023868859672901296
2015-02-24,0.008914287779481899
2015-02-25,0.002435955487746823
2015-02-26,0.006989135630718949
2015-02-27,0.0008757906948889146
2015-03-02,0.0030911939868998417
2015-03-03,0.006512882258385404
2015-03-04,-0.014371558198556664
2015-03-05,-0.0029967121635730135
2015-03-06,-0.004503726542927956
2015-03-09,-0.006188778482433419
2015-03-10,-0.0025514225122668373
2015-03-11,0.01514941311234396
2015-03-12,-0.008458311156932432
2015-03-13,0.009882783545914809
2015-03-16,-0.01662869771615805
2015-03-17,-0.0031488502998577484
2015-03-18,0.001827530651050056
2015-03-19,0.006062223313592781
2015-03-20,0.00731226579792855
2015-03-23,0.008133472351999254
2015-03-24,-0.0032872507224843755
2015-03-25,-0.004423517926645672
2015-03-26,0.00877975881257154
2015-03-27,-0.001713043248816149
2015-03-30,-0.012556863233379218
2015-03-31,-0.011132872140034807
2015-04-01,-0.008994522860016113
2015-04-02,0.00517160744053764
2015-04-03,0.0016242573607056527
2015-04-06,0.007104853540677682
2015-04-07,-0.004072526463365343
2015-04-08,0.0017853969107671423
2015-04-09,0.006455903939673367
2015-04-10,-0.002893465397202384
2015-04-13,0.0047677523755741144
2015-04-14,-0.006419259410666513
2015-04-15,-0.003430538465650718
2015-04-16,-0.003617378939983291
2015-04-17,-0.011758396455890396
2015-04-20,0.005069724807855818
2015-04-21,-0.004494023402027239
2015-04-22,0.00032494118727687427
2015-04-23,0.005007466589059089
2015-04-24,0.004665311760299441
2015-04-27,0.0068538510897278625
2015-04-28,-0.0007848548450942362
2015-04-29,-0.004032983120441538
2015-04-30,-0.0005971821090639905
2015-05-01,-0.0166733443395803
2015-05-04,-0.014271124724230873
2015-05-05,-0.013026996123544023
2015-05-06,-0.009772468276014818
2015-05-07,0.004197742267234366
2015-05-08,-0.008854790553600608
2015-05-11,-0.003581625540393897
2015-05-12,0.013192282977860655
2015-05-13,-0.0033626397106142594
2015-05-14,0.007575155684670865
2015-05-15,-0.00913617680009877
2015-05-18,-0.0018543755786763001
2015-05-19,-0.009300220549105813
2015-05-20,-0.0031903307590056247
2015-05-21,0.008603081374573955
2015-05-22,-0.01707320423192349
2015-05-25,0.004544236435458573
2015-05-26,0.002577356023322779
2015-05-27,-0.005741499556967945
2015-05-28,-0.014260578543884546
2015-05-29,0.0009212950771386951
2015-06-01,-0.005094927090638025
2015-06-02,0.0025267621135470395
2015-06-03,0.0004185214552344288
2015-06-04,0.016217788913209154
2015-06-05,-0.0021935562747302426
2015-06-08,-0.010034974926218649
2015-06-09,0.0019927563495631614
2015-06-10,0.0023999668397176517
2015-06-11,0.013791875752404367
2015-06-12,0.008551112459145785
2015-06-15,0.0037687105914950936
2015-06-16,0.01483302891219562
2015-06-17,-0.011687630543228508
2015-06-18,-0.006197515327497478
2015-06-19,-0.009065759414055248
2015-06-22,-0.0036980980315576796
2015-06-23,-0.013566861475563088
2015-06-24,0.006551509468144043
2015-06-25,-0.0020222269709877336
2015-06-26,-0.014508062945026578
2015-06-29,-0.009955790812075416
2015-06-30,0.003335138474501953
2015-07-01,0.008581265678943812
2015-07-02,0.020167308916917863
2015-07-03,0.029338624660073295
2015-07-06,0.004344094332759963
2015-07-07,-0.009695381200318641
2015-07-08,-0.021120462807313094
2015-07-09,0.0028771146234383583
2015-07-10,-0.007929410953103259
2015-07-13,-0.0039535726017968535
2015-07-14,-0.005920967990598081
2015-07-15,-0.0012079088641638526
2015-07-16,0.010859802307876436
2015-07-17,0.0017704856744534462
2015-07-20,-0.001386348370386883
2015-07-21,-0.010156537528258116
2015-07-22,-0.01654682944704357
2015-07-23,-0.004663079090733309
2015-07-24,-0.000337825508183205
2015-07-27,0.01787929913579883
2015-07-28,0.0015027452147288586
2015-07-29,0.010027395110230576
2015-07-30,-0.004792955985391521
2015-07-31,-0.011649437664170245
2015-08-03,-0.009451167622323719
2015-08-04,-0.0070522606453575325
2015-08-05,0.021484697324351643
2015-08-06,-0.00801386679224386
2015-08-07,0.00858489203736345
2015-08-10,-0.008829271780870264
2015-08-11,0.009515730128742442
2015-08-12,0.004049509661058631
2015-08-13,-0.0013663789765809042
2015-08-14,-0.00020762526135434023
2015-08-17,-0.006347876954293905
2015-08-18,0.004660722014820805
2015-08-19,-0.004349834803407801
2015-08-20,-0.012056057637672481
2015-08-21,-0.012579375743196192
2015-08-24,0.0019258791772211949
2015-08-25,0.01599091256410435
2015-08-26,0.0017999161357343826
2015-08-27,-0.0009863832610988255
2015-08-28,0.003058261396025429
2015-08-31,0.013260017417068249
2015-09-01,0.0023938250136385634
2015-09-02,-0.003909272308337372
2015-09-03,0.01126288710059889
2015-09-04,0.004487564384616134
2015-09-07,0.015557559919959921
2015-09-08,0.0020323443722190613
2015-09-09,-0.012044690317205002
2015-09-10,-0.01348159199245665
2015-09-11,0.016709279322312493
2015-09-14,0.01743665720783297
2015-09-15,-0.0015951921328260063
2015-09-16,-0.0036318732113598774
2015-09-17,0.014814442922422023
2015-09-18,-0.010870456820434879
2015-09-21,-0.008747270189558263
2015-09-22,0.006633267946890444
2015-09-23,-0.0037460512285958964
2015-09-24,0.00014878133279928705
2015-09-25,-0.0014344289852451257
2015-09-28,0.003575745487989336
2015-09-29,0.01427481861313717
2015-09-30,0.0011058490690174555
2015-10-01,0.006639387932768579
2015-10-02,-0.020301721010310227
2015-10-05,-0.0002871840193011795
2015-10-06,-0.00823230270292871
2015-10-07,-0.01198813060423628
2015-10-08,-0.008581523669287508
2015-10-09,-0.0031412344070081205
2015-10-12,0.009359025423560131
2015-10-13,-0.01306392717739564
2015-10-14,0.0005063149259441744
2015-10-15,-0.004641694333335785
2015-10-16,-0.0030767309436196084
2015-10-19,0.010227578253046042
2015-10-20,0.00558115437003926
2015-10-21,0.013573981074427437
2015-10-22,-0.0013450567924990046
2015-10-23,-0.006759426116707031
2015-10-26,-0.002038588168804995
2015-10-27,0.002624967912712216
2015-10-28,0.0019657335845371104
2015-10-29,-0.010643880722333665
2015-10-30,0.0011048978162787422
2015-11-02,0.002482283301389052
2015-11-03,0.025374740375339204
2015-11-04,0.0189684461128167
2015-11-05,-0.0083324335055882
2015-11-06,-0.002673833615491761
2015-11-09,-0.014434420018370031
2015-11-10,-0.005707070139634865
2015-11-11,0.003356050035903405
2015-11-12,0.012258536208882337
2015-11-13,-0.007090838377436085
2015-11-16,-0.006341464400677966
2015-11-17,-0.021272890297386552
2015-11-18,-0.0014266592054490766
2015-11-19,-0.010424144118595631
2015-11-20,-0.005094394273660738
2015-11-23,-0.008568607781675883
2015-11-24,-0.0007426255425255699
2015-11-25,-0.017377283913566313
2015-11-26,-0.014470452453909906
2015-11-27,0.02149247112028298
2015-11-30,-0.01267422581274031
2015-12-01,-0.010767855784546396
2015-12-02,0.01856913528321314
2015-12-03,0.029250671692404067
2015-12-04,-0.011515666288253417
2015-12-07,-0.0034824895678803054
2015-12-08,0.0036155555094050957
2015-12-09,0.017486976444055922
2015-12-10,-0.009668570784282375
2015-12-11,-0.0022527784594210975
2015-12-14,0.00797337576061744
2015-12-15,0.004547660744666186
2015-12-16,-0.0035615607123009926
2015-12-17,-0.0011382296451604114
2015-12-18,-0.013548958083699818
2015-12-21,-0.0021817374397466523
2015-12-22,-0.002463874900089551
2015-12-23,0.0025216988962625596
2015-12-24,-0.005353272188190161
2015-12-25,0.00491538522545139
2015-12-28,0.010327158178198285
2015-12-29,0.0017542932766846605
2015-12-30,0.0037175640839920347
2015-12-31,0.0007315534757786736
2016-01-01,0.0002008439309141418
2016-01-04,-0.0070155803354284745
2016-01-05,0.0033649426167330805
2016-01-06,-0.0007728659841348947
2016-01-07,0.021131683089305946
2016-01-08,0.015933549024752424
2016-01-11,0.004058465525565008
2016-01-12,-0.0074305720969476755
2016-01-13,-0.010924114719834179
2016-01-14,0.012111429530888652
2016-01-15,0.002827492251471385
2016-01-18,0.005001434033916108
2016-01-19,-0.017245859869741927
2016-01-20,0.009474384815581808
2016-01-21,0.004744203382143629
2016-01-22,-0.01090430684414478
2016-01-25,-0.00451524807449949
2016-01-26,0.002837172043565196
2016-01-27,0.0007246679835624363
2016-01-28,-0.00272171185803555
2016-01-29,-0.0008348826806596085
2016-02-01,-0.0023197737820688535
2016-02-02,0.0017256251210246859
2016-02-03,0.01491491972993157
2016-02-04,-0.025466584409312976
2016-02-05,-0.0021685026450968424
2016-02-08,0.0019651242137244695
2016-02-09,0.003159939896870995
2016-02-10,-0.0035191458132128985
2016-02-11,-0.017367217824785827
2016-02-12,0.0034799548371410964
2016-02-15,0.01747350214164185
2016-02-16,-0.015138614049161376
2016-02-17,0.008838280136981883
2016-02-18,-0.003085252231228939
2016-02-19,-0.000413243458288473
2016-02-22,-0.01032898510703949
2016-02-23,-0.0031445617235587664
2016-02-24,0.013200445946989586
2016-02-25,0.00602655241987707
2016-02-26,0.017523116054099442
2016-02-29,0.011974118889776937
2016-03-01,0.004590866789295761
2016-03-02,0.01763934526167792
2016-03-03,0.004589931587382987
2016-03-04,0.00847988176797059
2016-03-07,-0.0027657095353470834
2016-03-08,0.0008654581585920483
2016-03-09,-0.006774238233002769
2016-03-10,0.01009583934594853
2016-03-11,-0.011583036231148655
2016-03-14,0.008023503424176614
2016-03-15,-0.0017065105750515945
2016-03-16,0.011912470934673194
2016-03-17,0.007708689887312598
2016-03-18,0.018406461576468015
2016-03-21,0.007507746911386448
2016-03-22,-0.015520402556532408
2016-03-23,-0.00046953172898200847
2016-03-24,-0.011520071925948158
2016-03-25,-0.004982798423662747
2016-03-28,0.015312284332767217
2016-03-29,0.00657533810897696
2016-03-30,-0.0067893042857874635
2016-03-31,-0.009937173664403989
2016-04-01,0.000527820928762608
2016-04-04,-0.011965601493811278
2016-04-05,-0.006511402773965812
2016-04-06,0.003320094715512439
2016-04-07,0.011753120361066963
2016-04-08,0.0062876147222443975
2016-04-11,-0.022712895085981
2016-04-12,0.003243667290302598
2016-04-13,0.0009203357323257792
2016-04-14,0.004338902853726931
2016-04-15,0.016362096816512073
2016-04-18,-0.02043238276804743
2016-04-19,-0.0057110342519110565
2016-04-20,0.006109063227933546
2016-04-21,-0.015615943994539421
2016-04-22,0.01495949048053509
2016-04-25,0.0038835661270065843
2016-04-26,0.00866583985843404
2016-04-27,-0.0055094366152179455
2016-04-28,0.008337636899662106
2016-04-29,0.010884715559890384
2016-05-02,0.0025287802013716837
2016-05-03,0.0025440089269869594
2016-05-04,0.002903432392817259
2016-05-05,-0.008433452647393817
2016-05-06,-0.0012752868024035293
2016-05-09,-0.001325225324523588
2016-05-10,0.004033938643534951
2016-05-11,0.010198242469102947
2016-05-12,-0.010385360819784093
2016-05-13,-0.0010500903031957763
2016-05-16,0.015014555476589734
2016-05-17,-0.007235882288125642
2016-05-18,-0.008022500172903202
2016-05-19,0.0022230619183119357
2016-05-20,0.008643851904853202
2016-05-23,0.0003142605556065933
2016-05-24,0.013489605904369893
2016-05-25,0.00876793982566527
2016-05-26,0.008618200668900618
2016-05-27,0.005741165013240933
2016-05-30,0.023476531003460848
2016-05-31,-0.001851616888660442
2016-06-01,-0.01983522292066514
2016-06-02,0.01624254361517141
2016-06-03,-0.004376994309568257
2016-06-06,0.0012788044434303306
2016-06-07,0.01329550684860527
2016-06-08,-0.015822595410589255
2016-06-09,-0.012316472141061394
2016-06-10,-0.015812779371188537
2016-06-13,-0.007741362900254238
2016-06-14,0.004596366060169935
2016-06-15,0.005441878428127709
2016-06-16,0.0029627417932855376
2016-06-17,-0.013927658838923664
2016-06-20,-0.022901034366326442
2016-06-21,0.0007435358539038227
2016-06-22,-0.004517760336383358
2016-06-23,0.004793857717166118
2016-06-24,0.007219536262212701
2016-06-27,0.0015824143205868193
2016-06-28,0.007801330853758537
2016-06-29,0.0024921137411506845
2016-06-30,0.005500647056014667
2016-07-01,-0.006846732628698824
2016-07-04,-0.0015961141383145853
2016-07-05,0.0021677609665695726
2016-07-06,0.008405284754174189
2016-07-07,-0.0037374117222457215
2016-07-08,0.005411672557321126
2016-07-11,-0.0024583879191537902
2016-07-12,-0.0009754216732813036
2016-07-13,0.00849519042024073
2016-07-14,-0.01973060371054156
2016-07-15,-0.01276472328074761
2016-07-18,-0.014621853974428207
2016-07-19,-0.02313616119848305
2016-07-20,-0.006582644401551768
2016-07-21,0.007694338997277404
2016-07-22,-0.0026488406638257474
2016-07-25,0.0021779008194185213
2016-07-26,0.011092174967107927
2016-07-27,0.013476861322676916
2016-07-28,-0.0004913793472613955
2016-07-29,0.013735858895693974
2016-08-01,0.0011212665843410921
2016-08-02,-0.00817398223827462
2016-08-03,-0.005744003521987353
2016-08-04,-0.014605365125650163
2016-08-05,-0.008681338537336523
2016-08-08,-0.0033801668807442917
2016-08-09,0.008235850193786016
2016-08-10,0.017407698311659836
2016-08-11,-0.0136218151537704
2016-08-12,0.004128274682599189
2016-08-15,-0.010205439391575344
2016-08-16,0.00494697088463202
2016-08-17,-0.001110866506877266
2016-08-18,-0.018109058258475304
2016-08-19,0.009482969915684845
2016-08-22,-0.005850007128087311
2016-08-23,-0.005139002383735546
2016-08-24,-0.010497524112896898
2016-08-25,-0.006342832766875555
2016-08-26,0.004478904406949172
2016-08-29,-0.001692443409364055
2016-08-30,0.003486620022824811
2016-08-31,0.003819218539288437
2016-09-01,0.013406616555281671
2016-09-02,-0.003227861508643793
2016-09-05,-0.014568578168457318
2016-09-06,0.010872224165719832
2016-09-07,-0.0031148817209725468
2016-09-08,0.01134592444577377
2016-09-09,0.004033771131824704
2016-09-12,-0.0011113753020334492
2016-09-13,0.003687758940462951
2016-09-14,0.019710125601262996
2016-09-15,0.02096980529053753
2016-09-16,0.000893811351327787
2016-09-19,0.0018019059331707533
2016-09-20,0.010962401574663857
2016-09-21,-0.008256610327673471
2016-09-22,0.003530703726182551
2016-09-23,-5.862847953856402e-05
2016-09-26,0.0033390821145755363
2016-09-27,-0.008133688059494057
2016-09-28,-0.015695674933089692
2016-09-29,-0.02052983435991292
2016-09-30,-0.010973841129896078
2016-10-03,-0.004386752849393331
2016-10-04,-0.0027319158664876183
2016-10-05,0.01957231162429517
2016-10-06,0.011259933699072982
2016-10-07,-0.009420911163416272
2016-10-10,0.0036770845245095696
2016-10-11,-0.003870782363503251
2016-10-12,-0.0026436383804009514
2016-10-13,0.00205325649415382
2016-10-14,0.006391711169753933
2016-10-17,-0.0031925848388401536
2016-10-18,0.010838515327343586
2016-10-19,-0.01121938226142404
2016-10-20,0.00026339062362268443
2016-10-21,0.026176737265958323
2016-10-24,0.002430797426252751
2016-10-25,0.014532145066061729
2016-10-26,0.0011152017817320818
2016-10-27,0.0060077709532979666
2016-10-28,-0.00036783194392691536
2016-10-31,-0.0015040758116420443
2016-11-01,-0.0075948239672541966
2016-11-02,0.004503013589575532
2016-11-03,-0.008315371891857678
2016-11-04,0.006855852363134291
2016-11-07,0.0110528700444591
2016-11-08,0.0038653140723722995
2016-11-09,-0.0026624873355569185
2016-11-10,0.00473965579308696
2016-11-11,-0.002886730555464126
2016-11-14,0.009555471254651494
2016-11-15,-0.01811406084215124
2016-11-16,-0.0031560736811864624
2016-11-17,-0.01970811995123998
2016-11-18,-0.01475060830227205
2016-11-21,0.013838622298139095
2016-11-22,0.00915184981971686
2016-11-23,-0.006994802332847904
2016-11-24,-0.01482503456040897
2016-11-25,-0.029445288378416513
2016-11-28,-0.005234955079326346
2016-11-29,0.024404150122474023
2016-11-30,0.004548842714636473
2016-12-01,-0.005395722860494895
2016-12-02,0.004850802095003062
2016-12-05,-0.015409583529944428
2016-12-06,-0.0027732336269763545
2016-12-07,0.001194774730157385
2016-12-08,-0.0006610065182104851
2016-12-09,0.008108061216900806
2016-12-12,0.003646452262360524
2016-12-13,0.006883260181079969
2016-12-14,-0.006683722822307595
2016-12-15,0.009178154084105482
2016-12-16,0.016489369476239912
2016-12-19,-0.009501495196514127
2016-12-20,-0.008676956557145597
2016-12-21,0.01355784336320233
2016-12-22,-0.0017134398669506029
2016-12-23,0.014238213920665571
2016-12-26,-0.004225357118921839
2016-12-27,0.014750455762707114
2016-12-28,0.001514858168054522
2016-12-29,0.002782288233226952
2016-12-30,0.015847180216699043
2017-01-02,-0.0034177047744417123
2017-01-03,-0.009211220959249583
2017-01-04,-0.004285642080283544
2017-01-05,0.004723339506431386
2017-01-06,-0.015457590721805142
2017-01-09,0.006574709026511215
2017-01-10,-0.005187713176177433
2017-01-11,0.011678126607335635
2017-01-12,-0.023742603049004718
2017-01-13,-0.007665657751041687
2017-01-16,-0.01666468151234102
2017-01-17,-0.008062294663639525
2017-01-18,0.0026766590110894315
2017-01-19,-0.0015922662544975489
2017-01-20,-0.0023337756894801494
2017-01-23,-0.0013918487138006078
2017-01-24,0.0022338824061994343
2017-01-25,-0.009885360419431078
2017-01-26,0.007268496408990507
2017-01-27,0.006826659703854839
2017-01-30,0.00405037937656101
2017-01-31,0.005765334427512632
2017-02-01,0.003164180008086595
2017-02-02,0.020550733027310673
2017-02-03,-0.000670941710525099
2017-02-06,-0.0028708321833457676
2017-02-07,-0.007335275803573779
2017-02-08,-0.010122626705778367
2017-02-09,-0.012244717876010754
2017-02-10,-0.008687973132309184
2017-02-13,-0.0005068038165207131
2017-02-14,0.003542951284977145
2017-02-15,0.0007114205855216179
2017-02-16,-0.00745535277429713
2017-02-17,0.009201845640199633
2017-02-20,0.007594126723009475
2017-02-21,-0.00139648307422017
2017-02-22,-0.006329161446647121
2017-02-23,0.005684279208297995
2017-02-24,0.002079735874861045
2017-02-27,-0.014281272594150476
2017-02-28,-0.0004798025598440489
2017-03-01,0.0028203581207438106
2017-03-02,-0.008796947864877537
2017-03-03,0.00209843392837443
2017-03-06,-0.014348224852577892
2017-03-07,0.01356186100012171
2017-03-08,0.01267949985059432
2017-03-09,-0.0023251733430296475
2017-03-10,0.0038345433783907317
2017-03-13,-0.023899219657998752
2017-03-14,-0.011363476602653329
2017-03-15,-0.002737789201521298
2017-03-16,-0.010521330214268591
2017-03-17,0.007343964826306588
2017-03-20,0.02017296530747994
2017-03-21,-0.01156614719429302
2017-03-22,-0.008174634040851926
2017-03-23,0.0025544836830993034
2017-03-24,0.016311161484996207
2017-03-27,-0.012023743125399031
2017-03-28,0.0026903612230694198
2017-03-29,0.018412988508131087
2017-03-30,-0.016317591481792675
2017-03-31,-0.01261069206845832
2017-04-03,-0.004036066064608383
2017-04-04,-0.0050058841285541104
2017-04-05,0.008326012877536447
2017-04-06,0.0026165971982083807
2017-04-07,-0.017549620596421286
2017-04-10,0.005354104029008109
2017-04-11,-0.0055753888735565055
2017-04-12,0.012944472169412392
2017-04-13,-0.006075875364369197
2017-04-14,-0.006166152831022357
2017-04-17,0.005611316108045314
2017-04-18,0.007829264823369366
2017-04-19,0.004680993639362036
2017-04-20,-0.016655973173848083
2017-04-21,0.005580344399282511
2017-04-24,-0.01014308051674399
2017-04-25,0.0025527611158826353
2017-04-26,-0.014037344353990601
2017-04-27,0.004663221475430636
2017-04-28,-0.007865989043073725
2017-05-01,-0.012626346502605216
2017-05-02,0.007338201364823995
2017-05-03,0.002616445216767513
2017-05-04,-0.0059397680139289715
2017-05-05,0.014711788490210643
2017-05-08,-0.004206524215697425
2017-05-09,0.0005210767397093466
2017-05-10,0.0028891344767860093
2017-05-11,-0.005996659341286136
2017-05-12,0.0049113629339992936
2017-05-15,-0.005134523471647245
2017-05-16,-0.003916383222162092
2017-05-17,0.013826426398033411
2017-05-18,-0.01020586052512433
2017-05-19,-0.023927803309294903
2017-05-22,0.016309369950118942
2017-05-23,0.025693279526070027
2017-05-24,-0.003852692654493318
2017-05-25,-0.019168380406201856
2017-05-26,-0.0029048397619594376
2017-05-29,-0.002662229498406692
2017-05-30,-0.0016992384102225704
2017-05-31,-0.010933880419218483
2017-06-01,0.005995611424764773
2017-06-02,0.005445073752860861
2017-06-05,-0.014744056198193065
2017-06-06,0.007191967316948878
2017-06-07,0.02072684981945891
2017-06-08,0.0019196033243705987
2017-06-09,-0.0031732516206850604
2017-06-12,-0.0012200321440752131
2017-06-13,0.0063525676696856125
2017-06-14,-0.017106716055072184
2017-06-15,0.0018439070297730225
2017-06-16,-0.003704639494628101
2017-06-19,0.018678250129560453
2017-06-20,-0.0015417273380495787
2017-06-21,0.016878876111195196
2017-06-22,-0.010837406977820072
2017-06-23,0.006072591668027922
2017-06-26,0.0033940026379122882
2017-06-27,-0.008490472478647823
2017-06-28,0.001973961146369404
2017-06-29,0.012325188368316005
2017-06-30,-0.003037917042866007
2017-07-03,-0.016719626491697635
2017-07-04,2.4371735225540904e-05
2017-07-05,-0.008824230947925126
2017-07-06,-0.003223409386638824
2017-07-07,-0.0006158776968512098
2017-07-10,-0.016856522160155173
2017-07-11,-0.015956583393206783
2017-07-12,0.005020668355255252
2017-07-13,-0.005027186961696804
2017-07-14,-0.02544744341820567
2017-07-17,0.008048440366081351
2017-07-18,0.0029236975527423986
2017-07-19,-0.00693874824036484
2017-07-20,-0.012968302110582414
2017-07-21,0.008558078963143373
2017-07-24,0.003693506225604296
2017-07-25,0.024026022826840732
2017-07-26,0.004401885987249374
2017-07-27,0.004077031412620148
2017-07-28,-0.0014692793010856512
2017-07-31,0.00836775867200791
2017-08-01,0.006450852012481537
2017-08-02,0.01271725008565195
2017-08-03,-0.005013229186372848
2017-08-04,-0.004154074729439624
2017-08-07,-0.004591031709119802
2017-08-08,0.008108017211789892
2017-08-09,0.015183744402967322
2017-08-10,-0.004388404931493007
2017-08-11,-0.004047737277930913
2017-08-14,0.003340772238697992
2017-08-15,-0.002257615000129014
2017-08-16,0.0097205365313989
2017-08-17,-0.02231777290619047
2017-08-18,-0.008067050469168946
2017-08-21,-0.007624163339614459
2017-08-22,-0.02300356012386145
2017-08-23,-0.00943638444368804
2017-08-24,-0.008951561158459262
2017-08-25,-0.001811046545188303
2017-08-28,0.011329658916602637
2017-08-29,-0.0022506065119070238
2017-08-30,-0.010108137202711538
2017-08-31,-0.00036954541213528986
2017-09-01,0.010691736214413494
2017-09-04,-0.009559588161149048
2017-09-05,-0.008905748839214486
2017-09-06,0.005785489592742234
2017-09-07,-0.0020153611573080054
2017-09-08,0.006674846907094743
2017-09-11,6.35320820470324e-05
2017-09-12,0.00721663648089567
2017-09-13,-0.010150781140406408
2017-09-14,7.915349211732562e-05
2017-09-15,-0.001906900143631568
2017-09-18,-0.011958909241041307
2017-09-19,-0.015434779478686883
2017-09-20,0.007057490352746618
2017-09-21,-0.003309523822179781
2017-09-22,-0.010022802816473294
2017-09-25,-0.0007617893692333225
2017-09-26,0.011480188573493026
2017-09-27,-0.02260737845371923
2017-09-28,-0.014766386899033264
2017-09-29,-0.009028864418952676
2017-10-02,0.01481178866720329
2017-10-03,0.003025869829192965
2017-10-04,0.007873172404612268
2017-10-05,-0.011201609191262304
2017-10-06,-0.010995358752705261
2017-10-09,0.004678137167227104
2017-10-10,0.0007827433093544656
2017-10-11,0.005687388188641266
2017-10-12,-0.0016767099092845213
2017-10-13,0.00298143726454627
2017-10-16,0.0017811908490510918
2017-10-17,0.007977673890849255
2017-10-18,0.008270082819444706
2017-10-19,-0.0159987199439177
2017-10-20,-0.02227268555340856
2017-10-23,0.010217453976515072
2017-10-24,0.012077250932619367
2017-10-25,-0.010006230195133374
2017-10-26,-0.01839835406545629
2017-10-27,0.0011903482100720092
2017-10-30,0.009508382263505295
2017-10-31,0.018175945224343144
2017-11-01,0.00536297572101451
2017-11-02,-0.0035171669658569495
2017-11-03,-0.008731306215848627
2017-11-06,0.0003145129167065442
2017-11-07,-0.002792647038852564
2017-11-08,-0.00995067905728816
2017-11-09,0.020687556508632868
2017-11-10,0.01805168402072131
2017-11-13,0.011560486835554286
2017-11-14,-0.009008503978091276
2017-11-15,0.00875019324297279
2017-11-16,0.006596264094979018
2017-11-17,0.004625456242040529
2017-11-20,0.012696652670437772
2017-11-21,0.006553711428612774
2017-11-22,0.007600142363043355
2017-11-23,0.0065690628337221006
2017-11-24,0.003607914080021059
2017-11-27,-0.017636111297141835
2017-11-28,0.0010362107741055723
2017-11-29,-0.005361919588491253
2017-11-30,-0.012598409576400205
2017-12-01,0.01701816619300824
2017-12-04,0.017489953408857034
2017-12-05,0.013792206002956121
2017-12-06,0.0027521341685587462
2017-12-07,0.013706251209526569
2017-12-08,0.00032053180601825543
2017-12-11,0.0022279727689777937
2017-12-12,-0.01073471370461983
2017-12-13,0.0041699130449884
2017-12-14,0.0008038592842441709
2017-12-15,-0.012826521168344644
2017-12-18,-0.00031197111816596906
2017-12-19,-0.0005972956385680848
2017-12-20,0.0181756116664464
2017-12-21,0.009142133285134095
2017-12-22,0.00031445439091466016
2017-12-25,0.00268787309801083
2017-12-26,0.0006421237810419806
2017-12-27,-0.0018291398479554771
2017-12-28,-0.010624271973882868
2017-12-29,-0.0013105187760692925
2018-01-01,-0.007260982566525134
2018-01-02,-0.012303155389231464
2018-01-03,0.005312218145475347
2018-01-04,0.0041126465993323496
2018-01-05,-0.01766707511368078
2018-01-08,-0.0010268463749512722
2018-01-09,0.010157013858999236
2018-01-10,0.010792237388963209
2018-01-11,0.010458368428852387
2018-01-12,0.000589132069014598
2018-01-15,-0.008250453279691511
2018-01-16,-0.010636988273580606
2018-01-17,0.003646049047503575
2018-01-18,0.00399280034365163
2018-01-19,0.013073311116050654
2018-01-22,0.011199796503420836
2018-01-23,-0.001122286565311721
2018-01-24,-0.012242058788608694
2018-01-25,-0.002991065970108978
2018-01-26,0.002372311948105247
2018-01-29,-0.001820832453894041
2018-01-30,-0.005578941080776559
2018-01-31,0.002728848149698989
2018-02-01,-0.004839577414106105
2018-02-02,-0.00608066083725374
2018-02-05,0.0033145283430343958
2018-02-06,-0.003819925801292048
2018-02-07,0.002641043889783521
2018-02-08,0.002932040228521227
2018-02-09,-0.011194290010915747
2018-02-12,-0.004612411238654122
2018-02-13,0.014577769399164624
2018-02-14,-0.011420795127342872
2018-02-15,-0.02096654448970531
2018-02-16,-0.018418451532425117
2018-02-19,0.0004910994657666921
2018-02-20,0.0005091727803269891
2018-02-21,-0.0009761085542512093
2018-02-22,0.012341898289285017
2018-02-23,-0.02652834433102938
2018-02-26,0.004159338744308236
2018-02-27,0.015814382018035734
2018-02-28,-0.011077807648917139
2018-03-01,-0.003598065117898951
2018-03-02,-0.007328919172286209
2018-03-05,-0.008743460460775287
2018-03-06,-0.0030626200502304
2018-03-07,0.014474852836845048
2018-03-08,0.018573866754875202
2018-03-09,-0.0031593922504014773
2018-03-12,0.0192506021406447
2018-03-13,0.0005557647698462486
2018-03-14,0.01773691026701081
2018-03-15,-0.0007329864965349177
2018-03-16,0.001510578260461443
2018-03-19,0.0038547447264283457
2018-03-20,0.03198853679367535
2018-03-21,0.00871285574844789
2018-03-22,-0.006872645299514636
2018-03-23,0.00988997870275858
2018-03-26,-0.003418325370843415
2018-03-27,-0.004697501829012092
2018-03-28,0.009286013598921113
2018-03-29,0.0005108558777115279
2018-03-30,0.002985759145118061
2018-04-02,0.0003398522186529246
2018-04-03,0.003565831266054347
2018-04-04,0.004449658974361492
2018-04-05,-0.019169669327054155
2018-04-06,0.006865726686095336
2018-04-09,-0.009620194198303006
2018-04-10,-0.014222991355594112
2018-04-11,-0.00038411243858682445
2018-04-12,0.0010398100331445426
2018-04-13,-0.006735061645722808
2018-04-16,0.008510318576679745
2018-04-17,-0.013221751663709069
2018-04-18,-0.0038694374877255894
2018-04-19,-0.005648741349330007
2018-04-20,-0.00026587270339339367
2018-04-23,0.002988642846472388
2018-04-24,-0.009878929496235447
2018-04-25,0.007442826774562282
2018-04-26,0.0008300236833469973
2018-04-27,-0.018719462533119107
2018-04-30,-0.019385914403970313
2018-05-01,7.680707070688766e-05
2018-05-02,-0.0020096731778635408
2018-05-03,-0.000834201135746335
2018-05-04,-7.982456530217981e-05
2018-05-07,0.0024555983951018074
2018-05-08,0.009676496098482998
2018-05-09,-0.010911049009175581
2018-05-10,-0.011519715929007947
2018-05-11,-0.010733238578873825
2018-05-14,0.003089166671687069
2018-05-15,0.012649473786464456
2018-05-16,-0.004113394382395105
2018-05-17,-0.024816998441596547
2018-05-18,-0.016839928626103756
2018-05-21,-0.008130367227960116
2018-05-22,-0.005377288874952148
2018-05-23,-0.0038838862725472643
2018-05-24,0.0005858112298091707
2018-05-25,-0.002917463308224471
2018-05-28,0.010693396105434072
2018-05-29,-0.006560173056813688
2018-05-30,-0.00842317959475543
2018-05-31,0.004988755385204616
2018-06-01,-0.015156420699261193
2018-06-04,0.004096917053200022
2018-06-05,0.0012255318372626687
2018-06-06,-0.0012744248991816741
2018-06-07,0.016082761071492622
2018-06-08,-0.00602207445294718
2018-06-11,0.020802981705240784
2018-06-12,-0.002054314492280993
2018-06-13,-0.01257016444970228
2018-06-14,0.000899195809948253
2018-06-15,-0.010562452003187681
2018-06-18,-0.007317558478135003
2018-06-19,0.004170333000154911
2018-06-20,0.005755820886501248
2018-06-21,-0.006021677002542582
2018-06-22,0.010074051450464007
2018-06-25,0.01177507758021134
2018-06-26,0.01456301756563291
2018-06-27,0.005494134071257221
2018-06-28,0.013834287120856988
2018-06-29,-0.01860798427974058
2018-07-02,-0.0029790654862846258
2018-07-03,-0.008470052563234262
2018-07-04,0.001392258611273921
2018-07-05,-0.005514492191967374
2018-07-06,-0.0014615784194973236
2018-07-09,0.019021748802040495
2018-07-10,-0.0014971979642037828
2018-07-11,0.004337923171902139
2018-07-12,-0.002122693299242352
2018-07-13,0.0009571328795683368
2018-07-16,0.0002601668043607146
2018-07-17,0.004683240659731595
2018-07-18,0.01185307535547177
2018-07-19,0.016673939976033295
2018-07-20,0.0032962008190916686
2018-07-23,0.006095468860356021
2018-07-24,-0.01130864509185567
2018-07-25,-0.0006787674241562058
2018-07-26,0.00960289464883589
2018-07-27,0.008859686384171533
2018-07-30,0.0023160973279505023
2018-07-31,0.009063939595679525
2018-08-01,0.005107667089938189
2018-08-02,0.012203062582593217
2018-08-03,0.0030935915695711113
2018-08-06,-0.0033569831557103465
2018-08-07,0.0035584125693302365
2018-08-08,-0.02910594375852776
2018-08-09,0.004028857363850494
2018-08-10,-0.036284128252147836
2018-08-13,-0.017034634074054183
2018-08-14,0.004717686009409841
2018-08-15,0.0049752933726679525
2018-08-16,-0.011424287801399305
2018-08-17,-0.0069210204187893885
2018-08-20,0.01390540988614132
2018-08-21,-0.004640301315726762
2018-08-22,0.02262920312402985
2018-08-23,0.0001808014682365385
2018-08-24,0.004280361768812668
2018-08-27,0.016368743984986073
2018-08-28,0.0015102711619341957
2018-08-29,-0.009823439806908012
2018-08-30,-0.0008972745169429011
2018-08-31,-0.00015610736190090933
2018-09-03,-0.013447416522015653
2018-09-04,-0.0023583207134082337
2018-09-05,-0.007221920939974367
2018-09-06,0.009443577571874341
2018-09-07,0.0005461187418525562
2018-09-10,-0.0026279574914757006
2018-09-11,-0.0008618193062257627
2018-09-12,0.0024312201840616613
2018-09-13,0.006368141996897798
2018-09-14,-0.009797122286693813
2018-09-17,-0.010215876326212719
2018-09-18,0.011246792154025301
2018-09-19,-0.0039233687220473065
2018-09-20,-0.013968420925968741
2018-09-21,0.004638127093831046
2018-09-24,0.0048336980603268685
2018-09-25,-0.015107152572567064
2018-09-26,0.002494817154636063
2018-09-27,0.007555830924283736
2018-09-28,0.003943864517062631
2018-10-01,0.006519814837613953
2018-10-02,-0.01384269098090749
2018-10-03,0.003510401549961956
2018-10-04,-0.0028261975947044657
2018-10-05,-0.004627901587246449
2018-10-08,0.008905556094197267
2018-10-09,0.0149927451067423
2018-10-10,0.01814370054600359
2018-10-11,0.013348078715059051
2018-10-12,-0.0008973418163018368
2018-10-15,0.0037272016302634307
2018-10-16,0.007868228717842438
2018-10-17,0.0014117794929946197
2018-10-18,0.0015076418791154437
2018-10-19,0.00843753131876182
2018-10-22,-0.0003928264602593222
2018-10-23,-0.007092869363736615
2018-10-24,-0.003944730658358586
2018-10-25,0.006539103777337424
2018-10-26,0.00022993291199955733
2018-10-29,0.0036020997686833788
2018-10-30,0.0069007924220218985
2018-10-31,-0.003548414628976096
2018-11-01,0.00776248163629806
2018-11-02,0.003988426034583944
2018-11-05,-0.012148130869114785
2018-11-06,0.014623047911862443
2018-11-07,-0.004807447437569162
2018-11-08,-0.01635095343185184
2018-11-09,-0.010250437095863024
2018-11-12,-0.01001045160678322
2018-11-13,0.0007217331865753347
2018-11-14,-0.002538505055462372
2018-11-15,-0.003168319676405929
2018-11-16,0.006397019654824789
2018-11-19,0.003598753611927038
2018-11-20,0.0033604787064428626
2018-11-21,0.004298284573286926
2018-11-22,0.0063613466800223825
2018-11-23,-0.020879533417774432
2018-11-26,-0.003444382522644612
2018-11-27,-0.02160210064489474
2018-11-28,0.0005605992679779541
2018-11-29,0.0001536702777565468
2018-11-30,0.010655322747896804
2018-12-03,0.012076343927211209
2018-12-04,0.0022277504825236735
2018-12-05,-0.004803610773968999
2018-12-06,0.005051611125457378
2018-12-07,-0.0050791763732431355
2018-12-10,0.00018607348556651102
2018-12-11,0.010061363169607679
2018-12-12,-0.0053777134598942365
2018-12-13,0.00825678639242501
2018-12-14,0.006974013686923024
2018-12-17,-0.009347918171308214
2018-12-18,0.00993894128217401
2018-12-19,0.007185663453715051
2018-12-20,0.0012192588737265746
2018-12-21,-0.007423234580276523
2018-12-24,-0.008392060185755699
2018-12-25,-0.005176625769030225
2018-12-26,0.0056259446329196
2018-12-27,-0.00935625167401398
2018-12-28,0.004575122486198699
2018-12-31,-0.012217555288783925
2019-01-01,-0.0018406858443884896
2019-01-02,0.0012964775457400865
2019-01-03,0.024651301450589167
2019-01-04,-0.013573156555203674
2019-01-07,0.014920145664901335
2019-01-08,0.0016984241398728007
2019-01-09,0.0043117191801596315
2019-01-10,0.0013834791338820452
2019-01-11,0.00464726818195233
2019-01-14,-0.0013368510436201774
2019-01-15,0.014740501814574583
2019-01-16,-0.004364711442247224
2019-01-17,0.011522345721792478
2019-01-18,-0.006243671202130229
2019-01-21,-0.0004025184640128695
2019-01-22,-0.010519625522902191
2019-01-23,0.004750237203475199
2019-01-24,0.014651259569265338
2019-01-25,-0.0005735617982085408
2019-01-28,-0.0017688569870390955
2019-01-29,-0.010946169630679268
2019-01-30,-0.002092926535523081
2019-01-31,-0.01572794259721528
2019-02-01,-0.008928779867188272
2019-02-04,0.0024678604610913544
2019-02-05,0.013390131977413962
2019-02-06,0.02829210861229503
2019-02-07,-0.005665850850709008
2019-02-08,0.0145530015664544
2019-02-11,0.0026375248040164793
2019-02-12,-0.0013124764674637586
2019-02-13,0.0045259445172615214
2019-02-14,0.0008191648367995918
2019-02-15,0.0013039572561221854
2019-02-18,-0.003883331628266692
2019-02-19,-0.013781096597988507
2019-02-20,-0.015236252025220815
2019-02-21,0.00673244883281227
2019-02-22,-0.002567000900857134
2019-02-25,-0.005760888996561667
2019-02-26,0.0002850562672315357
2019-02-27,0.008149322529156277
2019-02-28,0.0020036394302639818
2019-03-01,-0.006360549366409674
2019-03-04,0.012462929556489498
2019-03-05,0.01599185502981632
2019-03-06,0.005145566553228533
2019-03-07,0.009936635113440902
2019-03-08,0.012619599968138112
2019-03-11,0.011500993164045138
2019-03-12,0.0063409917711262365
2019-03-13,0.006183470470748828
2019-03-14,0.005396605733465026
2019-03-15,-0.010773376745470435
2019-03-18,0.007207231568595858
2019-03-19,-0.01335813971126554
2019-03-20,-0.00774599455125055
2019-03-21,0.013235650678080876
2019-03-22,0.008602201626941976
2019-03-25,0.015073982896858627
2019-03-26,-0.002516743836872922
2019-03-27,-0.011322488412767675
2019-03-28,-0.0022043719707034283
2019-03-29,0.0012203129724057422
2019-04-01,0.000989887163400097
2019-04-02,0.011536804787567016
2019-04-03,-0.0034127042500344553
2019-04-04,0.0037203447180292424
2019-04-05,-0.00968627149434606
2019-04-08,0.004703172780438129
2019-04-09,0.00023108550185636746
2019-04-10,-0.007298133382845175
2019-04-11,-0.002158293621748528
2019-04-12,-0.0016417574651522164
2019-04-15,-0.002501551293370962
2019-04-16,0.017913412422676835
2019-04-17,-0.0007844600230787964
2019-04-18,-0.0022389611017733773
2019-04-19,-0.020774509576101417
2019-04-22,-0.008742073519794773
2019-04-23,-0.002430734244563528
2019-04-24,-0.006658526761766428
2019-04-25,0.01401707593377797
2019-04-26,-0.0014493777539621863
2019-04-29,0.013084442493182524
2019-04-30,0.0008170463405036802
2019-05-01,0.0005722783642157663
2019-05-02,-0.0006879644771250095
2019-05-03,0.00023796251621459135
2019-05-06,0.017387950030498592
2019-05-07,-0.022996107267512184
2019-05-08,-0.01981545744438679
2019-05-09,-0.005231708310561139
2019-05-10,0.00034527881937568885
2019-05-13,0.007101044247640124
2019-05-14,0.004930871980274752
2019-05-15,-0.003642459128805702
2019-05-16,0.010390436932417625
2019-05-17,0.01050195403152731
2019-05-20,0.0020405783127156554
2019-05-21,0.009826575724868412
2019-05-22,0.002926452634321288
2019-05-23,-0.005414830267828837
2019-05-24,0.0071781683900000465
2019-05-27,0.0013061312257867772
2019-05-28,0.0002133984675448693
2019-05-29,0.014929535721895744
2019-05-30,-0.024308721285400868
2019-05-31,-0.013976841701595697
2019-06-03,-0.011670704263743701
2019-06-04,-0.003432606475688056
2019-06-05,-0.0023460816976603014
2019-06-06,-0.014873256477730475
2019-06-07,-0.009651580323108262
2019-06-10,-0.008408416785235701
2019-06-11,0.024774240920758916
2019-06-12,0.018217419477471464
2019-06-13,-0.003917494176846494
2019-06-14,-0.003435832903067989
2019-06-17,-0.01129203997188294
2019-06-18,-0.01888130413225267
2019-06-19,-0.0009688018640852404
2019-06-20,-0.009778519832440257
2019-06-21,-0.0006485053166200977
2019-06-24,-0.015802058490434777
2019-06-25,-0.007419744583102578
2019-06-26,0.0016862709530283087
2019-06-27,0.0038620959778393744
2019-06-28,0.0043747195874201455
2019-07-01,-0.013004889841570373
2019-07-02,0.008746857301355618
2019-07-03,-0.0078021169660185035
2019-07-04,0.006528579146073064
2019-07-05,9.361323381806853e-05
2019-07-08,-0.01356387499077948
2019-07-09,-0.0029619770458118796
2019-07-10,0.003853637420637676
2019-07-11,0.0063296538047459905
2019-07-12,-0.001209878974444186
2019-07-15,0.015517788906010528
2019-07-16,0.01027510770986559
2019-07-17,-0.0023665411639975284
2019-07-18,0.007701218121369445
2019-07-19,0.019537934851881867
2019-07-22,0.01980484600783027
2019-07-23,-0.012079998808224975
2019-07-24,-0.009065331111571507
2019-07-25,0.01504918786733851
2019-07-26,-0.010382810508376372
2019-07-29,-0.01302541133291679
2019-07-30,-0.004661941306990469
2019-07-31,0.0044022670947458575
2019-08-01,-0.0008239670661109637
2019-08-02,-0.006305636204055921
2019-08-05,-0.006542124617245091
2019-08-06,-0.0069233706441270875
2019-08-07,-0.008595096286589426
2019-08-08,0.023016328772760615
2019-08-09,0.0031751107118555494
2019-08-12,0.009067590544047386
2019-08-13,-0.004690774681189238
2019-08-14,-0.0016595667718604886
2019-08-15,-0.00693553981370355
2019-08-16,-0.02631708334919202
2019-08-19,-0.013580092768478663
2019-08-20,-0.01790618679980395
2019-08-21,-0.022297837779516078
2019-08-22,-0.011753589742981027
2019-08-23,0.01344955679381631
2019-08-26,-0.0002443616770435442
2019-08-27,0.013105637623211742
2019-08-28,0.004309825769008753
2019-08-29,0.008025588257151594
2019-08-30,-0.008808969953045752
2019-09-02,0.005439509541926708
2019-09-03,0.007487142340743458
2019-09-04,-0.00556647292233693
2019-09-05,0.005795403706161663
2019-09-06,0.005861877585748329
2019-09-09,-0.005295526211300829
2019-09-10,-0.01102768432270995
2019-09-11,-0.011641283318982723
2019-09-12,0.001065055419214618
2019-09-13,0.0034700986878931483
2019-09-16,-0.0077252583045791445
2019-09-17,0.0004658534132609864
2019-09-18,0.0059053703613848535
2019-09-19,0.006381907146653008
2019-09-20,0.015718801201224885
2019-09-23,0.012969808321980435
2019-09-24,-0.00981291432756544
2019-09-25,0.017035862095380223
2019-09-26,-0.005109765045557148
2019-09-27,0.010648728124544276
2019-09-30,0.0008798662605108885
2019-10-01,-0.0039214937845696764
2019-10-02,-0.01787696859774933
2019-10-03,-0.0015156451021634818
2019-10-04,-0.01539383235305609
2019-10-07,0.009872992358427724
2019-10-08,0.01536792657139248
2019-10-09,-0.007769109892966902
2019-10-10,0.0032197074251927114
2019-10-11,-0.007053915220079755
2019-10-14,-0.006084847301367897
2019-10-15,0.007944947038653713
2019-10-16,-0.0001853826184341251
2019-10-17,0.017596480419310116
2019-10-18,-0.004622324787029211
2019-10-21,0.010193363324744893
2019-10-22,0.00117413412957782
2019-10-23,0.008157780097442332
2019-10-24,-0.004271576573299468
2019-10-25,-0.00029558837551582715
2019-10-28,-0.0009549887929893476
2019-10-29,-0.008160571148457871
2019-10-30,0.0068208153458175266
2019-10-31,0.006702490055783642
2019-11-01,0.006135546949055667
2019-11-04,0.015569656539176448
2019-11-05,0.014693448012363036
2019-11-06,-0.0035494468984913537
2019-11-07,0.003930523184341782
2019-11-08,-0.006036006892582127
2019-11-11,0.00043355316114555457
2019-11-12,-0.005797494491188648
2019-11-13,0.01640070309136051
2019-11-14,0.0038369815034296284
2019-11-15,-0.0019802912810442212
2019-11-18,0.01213618571856377
2019-11-19,-0.021506154097954117
2019-11-20,-0.0199410259486529
2019-11-21,0.00815838655219774
2019-11-22,0.0008046844811736806
2019-11-25,0.0027044630026076067
2019-11-26,-0.013063961033185486
2019-11-27,-3.2337108503662014e-05
2019-11-28,0.020235094104013418
2019-11-29,0.008441996197958629
2019-12-02,0.0018970654514281213
2019-12-03,-0.004190539101049377
2019-12-04,-0.0037457285186939383
2019-12-05,-0.02109197889200018
2019-12-06,0.002776404209211606
2019-12-09,0.00865483108481854
2019-12-10,-0.015556193271706152
2019-12-11,-0.006414168923068161
2019-12-12,-0.01137464632233422
2019-12-13,-0.009453511948087636
2019-12-16,0.0007348162682190021
2019-12-17,-0.020644021549884744
2019-12-18,0.006342704383570639
2019-12-19,0.007738550699336822
2019-12-20,-0.002311025880369125
2019-12-23,-0.024607085099845417
2019-12-24,-0.009764186260023896
2019-12-25,0.012529019341026966
2019-12-26,-0.027579942807285728
2019-12-27,-0.003275234121935192
2019-12-30,-0.01160000778467259
2019-12-31,0.008245703015848366
2020-01-01,-0.006551139521434614
2020-01-02,0.004239540207356115
2020-01-03,0.005854604191690931
2020-01-06,0.018562258397300198
2020-01-07,-0.0018294194367537023
2020-01-08,0.003960443696226113
2020-01-09,-0.01465055479127436
2020-01-10,0.01210413563293744
2020-01-13,-0.007405088480713647
2020-01-14,-0.005407541640877456
2020-01-15,-2.247794849210736e-05
2020-01-16,-0.015428843453398495
2020-01-17,0.00248770028928938
2020-01-20,0.009874662729250108
2020-01-21,0.003129338234972916
2020-01-22,-0.015688975641787253
2020-01-23,-0.0010380929432965958
2020-01-24,0.007620289029794906
2020-01-27,-0.01857988765965908
2020-01-28,-0.01054766013817714
2020-01-29,0.0089654360408152
2020-01-30,0.0029009543419728657
2020-01-31,0.004319715821267538
2020-02-03,0.018794948076233116
2020-02-04,0.0048855277850620256
2020-02-05,0.006778880104331793
2020-02-06,0.02730745527218326
2020-02-07,-0.0019380455809049069
2020-02-10,-0.007778827636184951
2020-02-11,0.004477963982471327
2020-02-12,0.004589910293888949
2020-02-13,-0.0050671539194620824
2020-02-14,-0.010123970195548474
2020-02-17,0.02329844422090078
2020-02-18,0.003468434703880229
2020-02-19,-0.007122853814020757
2020-02-20,0.009359303022795987
2020-02-21,-0.000891451515613345
2020-02-24,-0.0023288144631783128
2020-02-25,0.005822728719144932
2020-02-26,-0.012718822682316899
2020-02-27,0.003726272039171724
2020-02-28,0.019329548077317522
2020-03-02,0.0048617766219731075
2020-03-03,-0.003562121037834645
2020-03-04,-0.00487105280428242
2020-03-05,-0.003903399733451094
2020-03-06,-0.0023396267804778105
2020-03-09,-0.0035780653275827197
2020-03-10,0.009363114410745669
2020-03-11,-0.017132091032089833
2020-03-12,0.008820000504121342
2020-03-13,-0.003596865251425611
2020-03-16,0.003969477856953722
2020-03-17,-0.011069879102008637
2020-03-18,0.013486310668494362
2020-03-19,0.012656349601718731
2020-03-20,0.009795905257500737
2020-03-23,-0.014947547757935394
2020-03-24,0.00849121071066053
2020-03-25,0.004248550876357089
2020-03-26,-0.015852712471325678
2020-03-27,-4.29738377081549e-05
2020-03-30,0.0038453448903326254
2020-03-31,0.005760752738231508
2020-04-01,0.0019726136694885573
2020-04-02,0.003112314168473797
2020-04-03,0.014936113922530957
2020-04-06,0.0124603390991068
2020-04-07,-0.028470549537827437
2020-04-08,-0.00297438554837682
2020-04-09,-0.0014465102754395128
2020-04-10,-0.017320985727269714
2020-04-13,0.0011418305823231217
2020-04-14,0.012687577724105066
2020-04-15,-0.010665678595905902
2020-04-16,0.003564009386898723
2020-04-17,-0.008958234772964377
2020-04-20,-0.006519120236796769
2020-04-21,0.014973936341700352
2020-04-22,-0.00522557820111825
2020-04-23,0.004822124890106246
2020-04-24,-0.01851218116060987
2020-04-27,0.0188231756139488
2020-04-28,0.006226524463064989
2020-04-29,-0.0016249984265026168
2020-04-30,0.0059554650999989476
2020-05-01,-0.013898194289478102
2020-05-04,0.012025307417526573
2020-05-05,-0.0030398477549643016
2020-05-06,-0.001840695150484347
2020-05-07,-0.004716556149654845
2020-05-08,-0.005606514027455847
2020-05-11,0.007146706116284086
2020-05-12,0.002759068501042229
2020-05-13,0.006717481414030399
2020-05-14,0.00011205310514428548
2020-05-15,0.00533199811077181
2020-05-18,-0.003988487439250384
2020-05-19,0.022497318414095482
2020-05-20,-0.015479304164304984
2020-05-21,0.012809373235629844
2020-05-22,0.013879074507209708
2020-05-25,-0.008321588059655938
2020-05-26,0.022492736105559734
2020-05-27,0.010154902829453182
2020-05-28,0.009911390068229116
2020-05-29,0.00048022187025876693
2020-06-01,-0.0019722615821867644
2020-06-02,-0.001894088270396081
2020-06-03,0.004105305963195172
2020-06-04,0.014211862750338962
2020-06-05,0.0020131421786141962
2020-06-08,-0.008914436231372903
2020-06-09,0.008444270623849798
2020-06-10,0.009411507463947923
2020-06-11,0.006746595284477861
2020-06-12,0.0076549890652498264
2020-06-15,-0.002509281301578081
2020-06-16,-0.009089891671305795
2020-06-17,-0.008481934306407798
2020-06-18,-0.01615463248457858
2020-06-19,0.0025694861154594976
2020-06-22,-0.0006344878322659362
2020-06-23,-0.004199877045297088
2020-06-24,-0.0293561882434507
2020-06-25,-0.012273174696941688
2020-06-26,0.011408406514031669
2020-06-29,-0.006446260000631311
2020-06-30,0.0038059167765684145
2020-07-01,-0.013706854299752562
2020-07-02,0.014587054823592313
2020-07-03,-0.001240276600546764
2020-07-06,0.003100403964835352
2020-07-07,0.023457797918816848
2020-07-08,0.015364401005894038
2020-07-09,-0.0028656562128705778
2020-07-10,-0.005732201848703593
2020-07-13,-0.003055450115195318
2020-07-14,0.005298982484765356
2020-07-15,-0.0008522413425087113
2020-07-16,-0.003752441450034717
2020-07-17,0.014871812507090423
2020-07-20,-0.000942098917778369
2020-07-21,0.023195890930373192
2020-07-22,0.0011074256375217303
2020-07-23,0.018053183942247274
2020-07-24,0.003773194227106268
2020-07-27,0.00982960573249448
2020-07-28,-0.007046110515177245
2020-07-29,-0.008337592225874118
2020-07-30,0.004797059550149875
2020-07-31,0.010085532424653152
2020-08-03,0.0006025650200046287
2020-08-04,-0.012663933350836971
2020-08-05,-0.01340258366289327
2020-08-06,-0.01407136402186241
2020-08-07,-0.017476221129393812
2020-08-10,0.0012948535944708752
2020-08-11,0.011450439217080253
2020-08-12,6.584213075191232e-05
2020-08-13,-0.022404147573378524
2020-08-14,-0.001707604603345487
2020-08-17,-0.001427989966326071
2020-08-18,0.021159987502254392
2020-08-19,-0.014371379129195562
2020-08-20,-0.0037067760259919575
2020-08-21,0.01725852680544564
2020-08-24,0.0046997834134654805
2020-08-25,0.005833130735164247
2020-08-26,0.0013458443702387822
2020-08-27,0.003499435386572646
2020-08-28,0.00797609530278536
2020-08-31,-0.007894863188927664
2020-09-01,0.008980585789081999
2020-09-02,-0.013530030168855392
2020-09-03,0.0034836797283153815
2020-09-04,0.0019874096328632716
2020-09-07,-0.0059629308819210795
2020-09-08,-2.6852753256467353e-05
2020-09-09,-0.006025401526655531
2020-09-10,-0.010517013268617443
2020-09-11,-0.0033361474161364437
2020-09-14,-0.010839886353716615
2020-09-15,0.0034279746409324814
2020-09-16,-0.011300854941523634
2020-09-17,0.007319770229910513
2020-09-18,-0.0116147906792882
2020-09-21,-0.0054629491558100636
2020-09-22,-0.00604603408215179
2020-09-23,0.01345146728874839
2020-09-24,0.0035028994561659187
2020-09-25,-0.0019173380254439423
2020-09-28,0.005187194410697233
2020-09-29,-0.02087192347329688
2020-09-30,-0.00023133589640907443
2020-10-01,0.020175141778047627
2020-10-02,0.0015234650640267259
2020-10-05,0.000879131691693355
2020-10-06,0.00568128379642196
2020-10-07,0.009156052433143456
2020-10-08,-0.019774666928898597
2020-10-09,-0.01662326481791027
2020-10-12,0.0023029129108614655
2020-10-13,-0.006948765618975098
2020-10-14,0.013320252622199142
2020-10-15,-0.002951743898852239
2020-10-16,-0.01914530735713118
2020-10-19,-0.01248013916843997
2020-10-20,-0.027296760196305756
2020-10-21,-0.0021412553728291255
2020-10-22,-0.0016838412726438337
2020-10-23,-0.004044627097818978
2020-10-26,0.010988790390297388
2020-10-27,0.012185198365166936
2020-10-28,-0.0015038842335611121
2020-10-29,-0.021146936674768562
2020-10-30,0.006372815804922585
2020-11-02,0.0057536022850857545
2020-11-03,0.0032939157015694502
2020-11-04,0.010014797493081158
2020-11-05,-0.0114482809646104
2020-11-06,0.02028755386185139
2020-11-09,-0.00939427753141868
2020-11-10,0.007692229272008546
2020-11-11,-0.016673476944133517
2020-11-12,-0.009102646872700508
2020-11-13,0.015363686467253362
2020-11-16,-0.002408998230008499
2020-11-17,0.00859922605132798
2020-11-18,0.002569553887192461
2020-11-19,-0.0008495815600017268
2020-11-20,0.013838503249326898
2020-11-23,-0.0021665882465190032
2020-11-24,-0.017607381075634705
2020-11-25,-0.00783240091951705
2020-11-26,0.005711917287016942
2020-11-27,0.004155091063625081
2020-11-30,-0.015470582502354382
2020-12-01,-0.007043425194082011
2020-12-02,-0.005617213492022466
2020-12-03,-0.0034546959411422503
2020-12-04,-0.013559135886015514
2020-12-07,-0.0060837110811947865
2020-12-08,-0.007086104852595275
2020-12-09,0.007915332597619194
2020-12-10,0.008291213109902438
2020-12-11,-0.0012581045808881597
2020-12-14,-0.0037203979587073148
2020-12-15,0.001599243120391134
2020-12-16,-0.007965751074555749
2020-12-17,-0.01126832082167441
2020-12-18,-0.009202212089257169
2020-12-21,-0.006148131639714567
2020-12-22,-0.01143473799792271
2020-12-23,0.0018205955906287477
2020-12-24,0.007497156737837084
2020-12-25,-0.01567098300798242
2020-12-28,0.0004512871121603335
2020-12-29,-0.001999357952663356
2020-12-30,0.0036150868553680294
2020-12-31,7.061231896411939e-05
2021-01-01,-0.014335992799316308
2021-01-04,-0.012423892988571654
2021-01-05,0.0004942357558497273
2021-01-06,0.010487809197455095
2021-01-07,-0.02194187371043003
2021-01-08,0.0036572657980157995
2021-01-11,0.012096220052876432
2021-01-12,-0.001330258762062131
2021-01-13,0.005702024960264408
2021-01-14,-0.006830690808978022
2021-01-15,-0.000993661992768768
2021-01-18,-0.016009135183081516
2021-01-19,-0.02324343308418874
2021-01-20,0.009627658012252753
2021-01-21,-0.009649949277244418
2021-01-22,-0.004355278450034306
2021-01-25,-0.013664422532701932
2021-01-26,-0.013899697030838758
2021-01-27,-0.0015383770009461636
2021-01-28,-0.007095771941356465
2021-01-29,0.003979709979946984
2021-02-01,0.004725384189795919
2021-02-02,0.0034084964632460717
2021-02-03,0.0025860079092844372
2021-02-04,0.01597768204931886
2021-02-05,-0.010475937690448859
2021-02-08,-0.00034934866202917755
2021-02-09,0.011526898205195889
2021-02-10,0.012845398093380365
2021-02-11,-0.014017636493445729
2021-02-12,-0.002923554416558699
2021-02-15,0.013781210958672605
2021-02-16,0.005280791051990653
2021-02-17,0.0021526303147977274
2021-02-18,-0.0019768469343465675
2021-02-19,-0.003638009257077454
2021-02-22,0.0030821906309032423
2021-02-23,-0.0023237412498448335
2021-02-24,-0.0002257862104444418
2021-02-25,0.0009859870611503738
2021-02-26,-0.006580715284934992
2021-03-01,0.005521293738814383
2021-03-02,0.029342446484154197
2021-03-03,-0.017569866393260754
2021-03-04,0.003440125241899799
2021-03-05,-0.0074019008861890565
2021-03-08,0.0059740257751925
2021-03-09,0.0006655747332786092
2021-03-10,0.007818547740424635
2021-03-11,0.011955065765087796
2021-03-12,0.0021242111776818133
2021-03-15,0.011520522884141782
2021-03-16,-0.023242978937886776
2021-03-17,0.01610452297916023
2021-03-18,0.003950621518923401
2021-03-19,0.01097843355745182
2021-03-22,-0.011998757448415215
2021-03-23,-0.008107698816053357
2021-03-24,0.0016593829414477414
2021-03-25,2.962110662536985e-05
2021-03-26,0.0030306858800998957
2021-03-29,0.011045151609299662
2021-03-30,-0.017452203153028492
2021-03-31,0.009938190717173091
2021-04-01,0.0002828190995792702
2021-04-02,-0.0018378186112454772
2021-04-05,-0.014511152343848904
2021-04-06,0.00523048668376865
2021-04-07,-0.023941078510310375
2021-04-08,0.006683940112387127
2021-04-09,-0.01472105835472992
2021-04-12,0.0007345791261747403
2021-04-13,-0.000991688373279204
2021-04-14,0.011895381472938837
2021-04-15,-0.0015865516901389016
2021-04-16,-0.006741385611456657
2021-04-19,-0.00486602695971203
2021-04-20,0.012928827687546636
2021-04-21,0.005562969691808937
2021-04-22,-0.003656299815231613
2021-04-23,-0.0021644641996451342
2021-04-26,-0.015471770905854469
2021-04-27,0.00408474200851541
2021-04-28,-0.01739815707695466
2021-04-29,0.007717964658354561
2021-04-30,0.0014862159249126585
2021-05-03,0.024069517995739222
2021-05-04,-0.010801355537243058
2021-05-05,-0.0008266209104063293
2021-05-06,0.018182877009230627
2021-05-07,0.012113896402914144
2021-05-10,-0.006762120515798998
2021-05-11,0.0024396742837344775
2021-05-12,0.00021999356415087235
2021-05-13,0.003019558673941572
2021-05-14,-0.006786804359848298
2021-05-17,-0.0006932040270073453
2021-05-18,-0.015780523752767138
2021-05-19,0.0015512345186808206
2021-05-20,0.00470020673421832
2021-05-21,-0.00207419412643884
2021-05-24,-0.015950508905847878
2021-05-25,0.010085318628514625
2021-05-26,0.0038452503799280228
2021-05-27,-0.0070601509770097685
2021-05-28,-0.0026060044683806397
2021-05-31,-0.014806694027818389
2021-06-01,-0.010054101277779044
2021-06-02,-0.005178113463571395
2021-06-03,0.012484208122801512
2021-06-04,-0.006195033908874757
2021-06-07,0.006602136593287587
2021-06-08,-0.005183162028615798
2021-06-09,0.0026794756085187486
2021-06-10,-0.0012139550214380216
2021-06-11,0.008930566000927434
2021-06-14,-0.005148113382185579
2021-06-15,-0.01552528250002441
2021-06-16,-0.013619490313636327
2021-06-17,-0.005118774939427574
2021-06-18,-0.012290599706780527
2021-06-21,0.004302120156795513
2021-06-22,-0.004457681648580778
2021-06-23,0.023946065500264315
2021-06-24,-0.017177145951371323
2021-06-25,0.0022363317870980125
2021-06-28,-0.01107953023505669
2021-06-29,-0.004734013403826786
2021-06-30,0.0016141947334054418
2021-07-01,-0.02305371374874287
2021-07-02,0.002568261167880275
2021-07-05,0.019229074622741676
2021-07-06,-0.004334382983685929
2021-07-07,0.002798078568055095
2021-07-08,0.010449216931253993
2021-07-09,-0.0014395350002699655
2021-07-12,-0.005609601885314832
2021-07-13,-0.022557364037217524
2021-07-14,0.006609907193949733
2021-07-15,-0.0009316840972889725
2021-07-16,-0.009926838513881616
2021-07-19,0.0014659671027769357
2021-07-20,-0.005636803568061814
2021-07-21,-0.005084261311155257
2021-07-22,0.006262911561087082
2021-07-23,-0.013183824113238445
2021-07-26,0.010673152860737585
2021-07-27,-0.013776861631184037
2021-07-28,-0.006427014083552639
2021-07-29,0.019429461940665773
2021-07-30,0.011473547616424223
2021-08-02,0.001176039924954402
2021-08-03,-0.009205302155012165
2021-08-04,-0.005092723066998933
2021-08-05,0.000932753145856964
2021-08-06,0.0005752323233959842
2021-08-09,-0.0007087092962596286
2021-08-10,-0.0001083251408418433
2021-08-11,-0.0019437510970511406
2021-08-12,-0.01421978735640013
2021-08-13,-0.004965107421608329
2021-08-16,0.009346240539868466
2021-08-17,-0.013483342975511174
2021-08-18,-0.0016955551153927852
2021-08-19,-0.00799753928770844
2021-08-20,0.0013135042939811134
2021-08-23,-0.0036863318106681816
2021-08-24,0.01497393664974669
2021-08-25,0.005265831541902538
2021-08-26,-0.012918031657772113
2021-08-27,0.006912280116136986
2021-08-30,-0.007546518562620631
2021-08-31,-0.005569963713775336
2021-09-01,0.0033381902010712183
2021-09-02,-0.004717474197301348
2021-09-03,0.009128558163229553
2021-09-06,-0.007545100615133955
2021-09-07,-0.005989465525913632
2021-09-08,-0.006363708935481089
2021-09-09,-0.00545638748355039
2021-09-10,0.011191915555478129
2021-09-13,0.006487962936103031
2021-09-14,0.017299439540120712
2021-09-15,0.022876442038992546
2021-09-16,-0.010107170319323398
2021-09-17,0.0009041912732728888
2021-09-20,-0.01156200316643433
2021-09-21,-0.007576059277482672
2021-09-22,-0.006100825102556695
2021-09-23,-0.010371548741382743
2021-09-24,-0.010318872728984137
2021-09-27,-0.0012428437852025486
2021-09-28,-0.01196718418386407
2021-09-29,0.008621269591376329
2021-09-30,-0.008977535374175142
2021-10-01,0.02829568970096392
2021-10-04,-0.004313844509643952
2021-10-05,0.0009201764191705222
2021-10-06,-0.012753411844660351
2021-10-07,0.017260917581276392
2021-10-08,0.011395006808029164
2021-10-11,0.0031691587073611254
2021-10-12,-0.013268025487795656
2021-10-13,0.002306668777246203
2021-10-14,-0.011014310460172549
2021-10-15,0.014823552634733608
2021-10-18,0.008291947318531728
2021-10-19,0.0011543903848773612
2021-10-20,-0.024163756632473225
2021-10-21,-0.009634159786590307
2021-10-22,0.007077611315998724
2021-10-25,0.012328836917231559
2021-10-26,0.011291698114921317
2021-10-27,-0.015720130022414555
2021-10-28,0.0032155230681290407
2021-10-29,0.010355152164829295
2021-11-01,-0.016383355655822454
2021-11-02,0.00012095484626763654
2021-11-03,0.0029384239830845624
2021-11-04,-0.002807645848467349
2021-11-05,-0.018321618554012018
2021-11-08,-0.003056981100737287
2021-11-09,-0.00307305430255024
2021-11-10,-0.0012807240454775419
2021-11-11,-0.005434714254250696
2021-11-12,-0.004230121532414674
2021-11-15,-0.000197062823469779
2021-11-16,0.004624546049697111
2021-11-17,-0.002844267628566672
2021-11-18,-0.0038964892836800187
2021-11-19,0.0011235403825445808
2021-11-22,-0.019009159258951816
2021-11-23,0.00497035127226458
2021-11-24,0.00019436902877041192
2021-11-25,0.0005969352659756183
2021-11-26,0.00980734307594464
2021-11-29,-0.019328155300482482
2021-11-30,-0.01953833869858964
2021-12-01,0.0029380384532351955
2021-12-02,0.0001288314487148423
2021-12-03,0.0019017694319193223
2021-12-06,-0.004421270751724456
2021-12-07,0.006843536742399312
2021-12-08,0.0095263884299112
2021-12-09,0.0050398229395152705
2021-12-10,-0.0024082845840458313
2021-12-13,-0.02087689387614403
2021-12-14,0.00789236208037128
2021-12-15,0.012417286662175928
2021-12-16,0.0066455841198398
2021-12-17,-0.008596424273675065
2021-12-20,0.006937943936677579
2021-12-21,0.008805297079614456
2021-12-22,0.015788162477990857
2021-12-23,-0.008561099242279576
2021-12-24,-0.0020645458454413845
2021-12-27,0.007672720511434552
2021-12-28,0.0007741007143815779
2021-12-29,-0.010973276020512748
2021-12-30,0.00434616285026703
2021-12-31,0.0059866163381516665
2022-01-03,0.0010796289633100199
2022-01-04,0.0023958492717994417
2022-01-05,-0.0023870590168573015
2022-01-06,0.014982789357160594
2022-01-07,-0.008806921837126766
2022-01-10,-0.005673207627637789
2022-01-11,0.0003098551352752562
2022-01-12,0.008989540277008927
2022-01-13,-0.014773731700945368
2022-01-14,-0.012902967497654391
2022-01-17,-0.02017728507734718
2022-01-18,0.0005269522525327079
2022-01-19,-0.010983058172065439
2022-01-20,-0.0036455011001791673
2022-01-21,0.00681378189891708
2022-01-24,-0.006215427207828466
2022-01-25,0.002512820227433646
2022-01-26,-0.0027933790775172204
2022-01-27,0.006921143150964368
2022-01-28,0.004951280673480087
2022-01-31,-0.0067193369617461005
2022-02-01,-0.0014865175340045263
2022-02-02,0.010637433977204945
2022-02-03,0.00413376870254097
2022-02-04,-0.013769620577511315
2022-02-07,0.006756180611713827
2022-02-08,-0.010646106224362382
2022-02-09,0.014325130699610061
2022-02-10,0.01044098839841025
2022-02-11,0.003098854759184008
2022-02-14,0.001772328434361934
2022-02-15,-0.0018903225602742001
2022-02-16,0.0069852395140002806
2022-02-17,-0.0035077816946206164
2022-02-18,0.002555698706398939
2022-02-21,0.008919343665194512
2022-02-22,-0.005418065435255897
2022-02-23,-0.005961927399906946
2022-02-24,-0.01174365480724459
2022-02-25,-0.010444727461261722
2022-02-28,-0.018083953114415026
2022-03-01,0.007498287890155296
2022-03-02,0.018289145420827706
2022-03-03,0.014453289434703056
2022-03-04,-0.016060844886265167
2022-03-07,0.007448546715562
2022-03-08,0.014421063499235566
2022-03-09,-0.0043680998073866405
2022-03-10,0.0012144743065004948
2022-03-11,-0.019878930508046705
2022-03-14,0.002867361679766415
2022-03-15,-0.010435597294347175
2022-03-16,0.0021963501791151456
2022-03-17,-0.015412029221888803
2022-03-18,0.005628582244775959
2022-03-21,0.010445126754266898
2022-03-22,-0.0076317986171516765
2022-03-23,-0.011169225814104344
2022-03-24,-0.021360230425499813
2022-03-25,-0.0024641353407517702
2022-03-28,-0.005615939342816052
2022-03-29,-0.015310194123480548
2022-03-30,0.004730187563121716
2022-03-31,-0.004299703818646492
2022-04-01,-0.010557359586452323
2022-04-04,-0.005345724056404471
2022-04-05,0.010913045389296158
2022-04-06,0.006229369437552222
2022-04-07,-0.0011002606149848983
2022-04-08,0.006391050184648525
2022-04-11,-0.011409119563867389
2022-04-12,0.0005237010072703053
2022-04-13,0.0016732233048647057
2022-04-14,-0.00449836508498727
2022-04-15,0.004554583359574178
2022-04-18,-0.007604334546444513
2022-04-19,0.005298207077761179
2022-04-20,0.005718587715312919
2022-04-21,-0.028971598806970665
2022-04-22,0.012103057035101178
2022-04-25,-0.03027632565352754
2022-04-26,-0.005960490255561253
2022-04-27,0.01045348034257755
2022-04-28,-0.002972867252524407
2022-04-29,-0.01446185982469542
2022-05-02,-0.010737370617166706
2022-05-03,0.010469057463206198
2022-05-04,-0.019015045305486384
2022-05-05,0.011489911009620173
2022-05-06,-0.0003510209904228934
2022-05-09,-0.011723953304424335
2022-05-10,-0.0056311507230269115
2022-05-11,-0.009972243411016412
2022-05-12,0.008862252008585286
2022-05-13,0.0075242780976283825
2022-05-16,-0.016991611338760468
2022-05-17,-0.003835921185193341
2022-05-18,-0.008431856623442771
2022-05-19,0.013135099684593704
2022-05-20,-0.01330099118126421
2022-05-23,0.016242291046850137
2022-05-24,-0.00013294739516937567
2022-05-25,-0.011419344063800876
2022-05-26,-0.006572741840092779
2022-05-27,-0.007816188407684506
2022-05-30,-0.01254618402015506
2022-05-31,0.0011482685973037566
2022-06-01,-0.012079155506918434
2022-06-02,-0.02160366208738189
2022-06-03,-0.003596764708481731
2022-06-06,-0.017828561964178827
2022-06-07,-0.007321608680675204
2022-06-08,-0.008891028886033558
2022-06-09,-0.00851216072025814
2022-06-10,0.020209631015901536
2022-06-13,0.0007641156716957076
2022-06-14,0.002653710089953322
2022-06-15,-0.017563982963422948
2022-06-16,-0.00633963133636922
2022-06-17,0.0023530262994151197
2022-06-20,-0.010045289129130063
2022-06-21,0.009280628435179855
2022-06-22,-0.0118269658590103
2022-06-23,-0.002663661358651756
2022-06-24,-0.005660516399755587
2022-06-27,0.0018432065938191599
2022-06-28,-0.00620490071855426
2022-06-29,-0.002508936270709373
2022-06-30,-0.0021613009177798553
2022-07-01,-0.007143877573913011
2022-07-04,0.005050938684971126
2022-07-05,0.002583883748374253
2022-07-06,-0.000686139452531673
2022-07-07,-0.004104583334619581
2022-07-08,0.00816544030519997
2022-07-11,-0.0021583424381418134
2022-07-12,-0.002866972878259372
2022-07-13,0.0012469002988812602
2022-07-14,0.017165866829708505
2022-07-15,-0.013203562080212039
2022-07-18,0.007898568930553547
2022-07-19,-0.01873171161238105
2022-07-20,0.0023727315822862395
2022-07-21,0.015950828276087306
2022-07-22,0.005086685244673071
2022-07-25,0.0019062507853979283
2022-07-26,-0.005404494688030756
2022-07-27,0.0005104720048855424
2022-07-28,-0.0023206281540335627
2022-07-29,-0.007659766079313555
2022-08-01,-0.0026987561547486983
2022-08-02,0.0021838116062643954
2022-08-03,-0.007472170685306404
2022-08-04,-0.00786281820684684
2022-08-05,-0.013402434375921743
2022-08-08,0.00410725026088896
2022-08-09,0.005653232619670603
2022-08-10,0.002516604442365175
2022-08-11,0.00985170492728666
2022-08-12,0.0010786763708072753
2022-08-15,0.004120109373657567
2022-08-16,0.0032383742563756287
2022-08-17,-0.0007154001941820788
2022-08-18,-0.005108218281296473
2022-08-19,0.022341526157919112
2022-08-22,-0.004319509798535085
2022-08-23,-0.006458777111204364
2022-08-24,0.00454009823450107
2022-08-25,0.0027185441529500513
2022-08-26,-0.013847915476103274
2022-08-29,0.011426782545637386
2022-08-30,-0.0007419457535083331
2022-08-31,-0.010909310952157206
2022-09-01,0.01208784114353874
2022-09-02,0.006456755715961539
2022-09-05,-0.012445419919479141
2022-09-06,0.01797182840257724
2022-09-07,0.0067879736836619275
2022-09-08,9.803884374953869e-05
2022-09-09,0.016102188056217794
2022-09-12,0.0017929778382964059
2022-09-13,-8.08307510403198e-05
2022-09-14,-0.0064030011602198905
2022-09-15,0.006018504393070785
2022-09-16,0.004966029673239798
2022-09-19,0.0003468013988971129
2022-09-20,-0.0076998635386760295
2022-09-21,0.0014992985416607387
2022-09-22,-0.0004979878576213788
2022-09-23,-0.01313474318734201
2022-09-26,-0.014518123513241856
2022-09-27,0.005851533788097695
2022-09-28,-0.02581888315051689
2022-09-29,0.0022541052696125998
2022-09-30,-0.004580830577538246
2022-10-03,0.013282466068799102
2022-10-04,-0.004734682091538758
2022-10-05,0.006794842142518959
2022-10-06,-0.003769138412377916
2022-10-07,0.0013374815348614346
2022-10-10,0.007568365309200512
2022-10-11,-0.0044255571632458015
2022-10-12,0.010165548844984041
2022-10-13,-0.009736978771064832
2022-10-14,0.003145928425583791
2022-10-17,0.009426397227878528
2022-10-18,0.0068003749179033485
2022-10-19,0.019364448767354103
2022-10-20,-0.0074343931731066055
2022-10-21,-0.013591492513485879
2022-10-24,-0.009743351084951194
2022-10-25,0.00680442566548437
2022-10-26,0.005179229342693786
2022-10-27,0.0012225665964741578
2022-10-28,-0.011029570491071299
2022-10-31,0.007868672933290608
2022-11-01,-0.012047047776505403
2022-11-02,0.011789495823769
2022-11-03,0.02877438423139865
2022-11-04,0.003864511465715505
2022-11-07,0.0060310813565774305
2022-11-08,-0.004728597688955594
2022-11-09,-0.017902133210868164
2022-11-10,-0.005827193630302224
2022-11-11,-0.010728952410987494
2022-11-14,-0.014270045764150157
2022-11-15,0.01742359941995649
2022-11-16,0.00292862518025773
2022-11-17,0.003996875806139837
2022-11-18,-0.002890223651962495
2022-11-21,-0.0015287108244343634
2022-11-22,0.009845506822393334
2022-11-23,-0.0001233711869521544
2022-11-24,0.005506939380247327
2022-11-25,-0.0017600429784501584
2022-11-28,-0.0032215289073204718
2022-11-29,-0.01386914165601862
2022-11-30,-0.019577490623671284
2022-12-01,-0.002415619010664018
2022-12-02,0.0007649669199323269
2022-12-05,-0.012661300367087909
2022-12-06,-0.00014474865034632878
2022-12-07,0.0007375256299050202
2022-12-08,-0.021360080060593794
2022-12-09,-0.008951246594795011
2022-12-12,0.004272638937354685
2022-12-13,0.004070587293957439
2022-12-14,-0.011336749163997606
2022-12-15,0.0017844805049973497
2022-12-16,0.010424072253604722
2022-12-19,0.007970729589908982
2022-12-20,-0.0007528578701393457
2022-12-21,-0.004479763133242925
2022-12-22,-0.006093444843345045
2022-12-23,0.004878197829096571
2022-12-26,0.00215103973142888
2022-12-27,0.006494040061022004
2022-12-28,0.00151873813121152
2022-12-29,0.008387639503474419
2022-12-30,0.0011459253295770017
2023-01-02,0.008046887161316865
2023-01-03,0.00890822770366639
2023-01-04,-0.007845266302248135
2023-01-05,-0.01788144046870746
2023-01-06,0.015634928560145533
2023-01-09,0.0027665873071226173
2023-01-10,-0.016944858954961218
2023-01-11,-0.006938194972187111
2023-01-12,0.007918742923698284
2023-01-13,-0.00259676831132893
2023-01-16,-0.004920614193191271
2023-01-17,0.014208818603129668
2023-01-18,-0.010272871463838104
2023-01-19,-0.007781533577548338
2023-01-20,0.0023138647504826757
2023-01-23,0.004104549320538823
2023-01-24,0.005163430343407315
2023-01-25,0.00931238044568947
2023-01-26,0.0021857862068151686
2023-01-27,0.005093839389384091
2023-01-30,-0.002392092593150832
2023-01-31,0.0008269830323671424
2023-02-01,0.0012753418005363444
2023-02-02,0.002350981358190361
2023-02-03,0.007925398075827608
2023-02-06,0.00575145681944831
2023-02-07,0.0006421700290018311
2023-02-08,-0.007891259849410397
2023-02-09,0.0008767125806270954
2023-02-10,-8.017784895743933e-05
2023-02-13,0.0021318157981319837
2023-02-14,0.02226525307140402
2023-02-15,-0.005037727785412355
2023-02-16,0.004422890191253595
2023-02-17,0.010884620672442983
2023-02-20,0.001180019140993829
2023-02-21,0.023578451191721653
2023-02-22,-0.003580392917314767
2023-02-23,0.0034408922232004708
2023-02-24,-0.0077880574489298205
2023-02-27,-0.0033152473514329313
2023-02-28,0.002689339103966579
2023-03-01,0.008663040623077298
2023-03-02,0.003390948340235742
2023-03-03,0.01279114849334736
2023-03-06,-0.0007496531059267175
2023-03-07,-0.0031216852983900535
2023-03-08,0.027239851072793864
2023-03-09,0.004142376494420307
2023-03-10,-0.006994815459785477
2023-03-13,-0.006742637622480689
2023-03-14,-0.009226799145313404
2023-03-15,0.00956569355856788
2023-03-16,-0.0034437729289324183
2023-03-17,0.0014736247565648563
2023-03-20,-0.0004350867443826872
2023-03-21,0.007514924079409346
2023-03-22,-0.0082674409288402
2023-03-23,-0.010555722861430155
2023-03-24,0.0024429730718159427
2023-03-27,0.00620959284699897
2023-03-28,0.0035253231309764076
2023-03-29,-0.007894537290973275
2023-03-30,0.006974848420913938
2023-03-31,-0.0072386092709563424
2023-04-03,-0.005015386447863834
2023-04-04,-0.009239535247220022
2023-04-05,0.013211583486520309
2023-04-06,0.006534215410273492
2023-04-07,0.006249933756788733
2023-04-10,0.012672114211424505
2023-04-11,0.028326492482387233
2023-04-12,-0.016892261039101557
2023-04-13,-0.007183765808771081
2023-04-14,-0.005961750841745239
2023-04-17,-0.008308196223826928
2023-04-18,-0.010575832476037125
2023-04-19,-0.0027965306405536563
2023-04-20,-0.011966037152894049
2023-04-21,0.003550423675374132
2023-04-24,0.0007169832142861464
2023-04-25,0.005010286647636553
2023-04-26,0.005277284516382525
2023-04-27,0.006230068534266765
2023-04-28,-0.0035340893682388234
2023-05-01,0.021411434026336672
2023-05-02,0.0025443111648209777
2023-05-03,-0.018424847526247953
2023-05-04,-0.009823757457662174
2023-05-05,-0.017205029890278157
2023-05-08,0.0003733462915130733
2023-05-09,-0.0010180522405333363
2023-05-10,-0.004484256978994579
2023-05-11,0.02030926112400514
2023-05-12,0.005689828740769108
2023-05-15,0.007460983614463344
2023-05-16,-0.009110734879421031
2023-05-17,-0.009791448913310121
2023-05-18,0.0005680549909695475
2023-05-19,0.0019300713965222584
2023-05-22,-0.018363115671144573
2023-05-23,-0.0016030702284953405
2023-05-24,0.00034072082873504807
2023-05-25,-0.0019514916577112896
2023-05-26,-0.007933904123466763
2023-05-29,-0.005195351819211401
2023-05-30,-0.0015685919357279602
2023-05-31,0.0011080002361004778
2023-06-01,0.006247915825505679
2023-06-02,0.011008562049508713
2023-06-05,-0.002743477235272498
2023-06-06,-0.0043615619611535785
2023-06-07,0.004576556735343062
2023-06-08,0.0063084491641085426
2023-06-09,-0.004142004332588856
2023-06-12,0.008103934769661723
2023-06-13,0.009995853411559731
2023-06-14,0.013116864656586732
2023-06-15,0.017983209067198223
2023-06-16,-0.008464161386594388
2023-06-19,0.0003389820933251119
2023-06-20,0.0003127769661866014
2023-06-21,-0.0007807356853250759
2023-06-22,-0.006292629196101362
2023-06-23,-0.014655620032310714
2023-06-26,0.001126794460290038
2023-06-27,-0.007483556595479126
2023-06-28,0.0010599348074762502
2023-06-29,-0.0077404354169885335
2023-06-30,-0.010796583458443414
2023-07-03,0.002542983603768977
2023-07-04,0.0017092152680649596
2023-07-05,0.005992819713209329
2023-07-06,0.02205863766417625
2023-07-07,0.002972895312108468
2023-07-10,0.005050817670641296
2023-07-11,-0.010575613288673253
2023-07-12,-0.012669074405363745
2023-07-13,0.016028294467733337
2023-07-14,-0.009034797799333036
2023-07-17,-0.01023944071468642
2023-07-18,-0.00019098921216552977
2023-07-19,-0.0007019241337738836
2023-07-20,-0.008825065064432916
2023-07-21,-0.002849732187131
2023-07-24,0.012493757176501044
2023-07-25,-0.007859936088317976
2023-07-26,-0.013736724843661716
2023-07-27,0.009625936208997923
2023-07-28,0.0051229691193803665
2023-07-31,-0.006005186206486616
2023-08-01,-0.015621670161269178
2023-08-02,-0.007246233564385632
2023-08-03,-0.00034704436849271314
2023-08-04,0.011856720898838193
2023-08-07,-0.01016581974869657
2023-08-08,-0.0006451988151147344
2023-08-09,0.00695144659894898
2023-08-10,-0.023612673401219208
2023-08-11,0.010537861679388999
2023-08-14,-0.011624505722064374
2023-08-15,0.003519954934569346
2023-08-16,0.002666831496107441
2023-08-17,0.01104586391463845
2023-08-18,0.005709243808935403
2023-08-21,-0.02357290491729981
2023-08-22,-0.007647792471559914
2023-08-23,0.0015820512935328008
2023-08-24,-0.0017497988611978694
2023-08-25,0.004976107297567704
2023-08-28,0.008093665556697055
2023-08-29,0.0062845173642967905
2023-08-30,-0.0019427494255446522
2023-08-31,-0.018263370111204807
2023-09-01,-0.004354812488548173
2023-09-04,0.004363681481389552
2023-09-05,-0.010704472525504775
2023-09-06,0.0065127473012157626
2023-09-07,0.009283932972673044
2023-09-08,0.0014686697629584257
2023-09-11,-0.03043779866312396
2023-09-12,-0.012580883627118034
2023-09-13,0.019061891585560816
2023-09-14,-0.0052653779302837805
2023-09-15,-0.01964143223128996
2023-09-18,0.012552473883102724
2023-09-19,0.00033355591543672856
2023-09-20,0.011249404889577255
2023-09-21,0.002969586752193653
2023-09-22,0.004785591362121688
2023-09-25,0.003830092477145166
2023-09-26,0.00717488311921
2023-09-27,0.02297430448556098
2023-09-28,0.00991006335959188
2023-09-29,-0.01560339317845535
2023-10-02,0.004666615152789034
2023-10-03,0.011614807681032178
2023-10-04,0.01222700806536146
2023-10-05,-0.004066049830590996
2023-10-06,0.011849444451881278
2023-10-09,0.009477423995512053
2023-10-10,0.0259251743696973
2023-10-11,-0.0073000173624851155
2023-10-12,-0.004874005764004253
2023-10-13,-0.0028611904845995393
2023-10-16,-0.004702221500387753
2023-10-17,-0.00870020749763603
2023-10-18,-0.02742675505673743
2023-10-19,-0.004146994737231341
2023-10-20,0.0038935805969990446
2023-10-23,-0.004732218455059107
2023-10-24,0.019553811835291098
2023-10-25,0.00033375812715862583
2023-10-26,0.013110290551841356
2023-10-27,0.0028142041272996837
2023-10-30,0.00846407309893258
2023-10-31,0.0029924155393356226
2023-11-01,0.013887846319035628
2023-11-02,0.0007593935013240072
2023-11-03,0.005161207080887857
2023-11-06,0.0038633293365004373
2023-11-07,-0.002682854581273188
2023-11-08,0.004249823189246767
2023-11-09,0.02254386246197682
2023-11-10,-0.00250396942095442
2023-11-13,0.004394648928532483
2023-11-14,0.012777789508694428
2023-11-15,0.011602532809442803
2023-11-16,0.00031716417719365253
2023-11-17,-0.02363388702957362
2023-11-20,0.005367028186484662
2023-11-21,-0.021994742586230527
2023-11-22,0.014899372309412311
2023-11-23,0.001894738711932606
2023-11-24,0.01019674019871989
2023-11-27,-0.008821111381810512
2023-11-28,-0.015325074733000543
2023-11-29,0.002807543841411672
2023-11-30,-0.00013603439956141978
2023-12-01,-0.0047154082615716575
2023-12-04,0.0010466128073276378
2023-12-05,0.027874358920322598
2023-12-06,0.008545255473690578
2023-12-07,0.01069498605863319
2023-12-08,0.008639368915533557
2023-12-11,0.01499462143852193
2023-12-12,-0.001700716729007449
2023-12-13,-0.020347613076752938
2023-12-14,-0.0016858613300600978
2023-12-15,0.008317357099965018
2023-12-18,-0.009498003951150736
2023-12-19,-0.0015636595048933034
2023-12-20,-0.006717697430023132
2023-12-21,0.015220292518431305
2023-12-22,0.007694570154065637
2023-12-25,0.0067154062064395895
2023-12-26,0.006416013131209713
2023-12-27,-0.00017249252552126943
2023-12-28,0.002175562825275035
2023-12-29,-0.011651845805323175
2024-01-01,-0.021664419787505676
2024-01-02,0.0017008113034502408
2024-01-03,0.003439902562721444
2024-01-04,0.012292645684253777
2024-01-05,0.015913358160823676
2024-01-08,0.015899984849989467
2024-01-09,-0.009780235932938778
2024-01-10,-0.003322650349497693
2024-01-11,0.005003342958813795
2024-01-12,0.025519046777421773
2024-01-15,0.015000992037139161
2024-01-16,0.011393971619983803
2024-01-17,-0.003677879555492906
2024-01-18,-0.008631996311551246
2024-01-19,0.008089078833832395
2024-01-22,-0.0108066126423436
2024-01-23,-0.002184363509803026
2024-01-24,-0.0009477794900192264
2024-01-25,0.016129120891228078
2024-01-26,-0.0033469730295967756
2024-01-29,-0.024192496385726157
2024-01-30,0.005244446476624683
2024-01-31,-0.006790218531039264
2024-02-01,0.0006263102443774682
2024-02-02,-0.0006670470084212365
2024-02-05,-0.0025370399581776826
2024-02-06,0.00810340581784704
2024-02-07,-0.015128648783527073
2024-02-08,-0.004970142249543603
2024-02-09,0.0070403791311738125
2024-02-12,-0.005940847753443682
2024-02-13,-0.015888067092699718
2024-02-14,0.006885553432567358
2024-02-15,0.011430946304415391
2024-02-16,-0.00024995207643006335
2024-02-19,-0.019408455984695327
2024-02-20,0.0072596974669881615
2024-02-21,-0.016398878814196882
2024-02-22,0.003287992768481657
2024-02-23,-0.008674638247421597
2024-02-26,-0.011398392857669653
2024-02-27,-0.004219100170796903
2024-02-28,-0.0016329755642725983
2024-02-29,-0.006242082503864483
2024-03-01,0.006087032782151507
2024-03-04,-0.004260693784588338
2024-03-05,0.01000190871671822
2024-03-06,0.0030117316564347947
2024-03-07,-0.006775572065963081
2024-03-08,-0.008459398838322859
2024-03-11,-0.016274962990474387
2024-03-12,0.003107331778668224
2024-03-13,-0.003345875472513581
2024-03-14,-0.023521955280635144
2024-03-15,-0.005157148727694002
2024-03-18,-0.00881034029254952
2024-03-19,0.015956775921706603
2024-03-20,-0.0168277861189331
2024-03-21,-0.014213507997340537
2024-03-22,0.011299696431056999
2024-03-25,0.013767631574639632
2024-03-26,-0.0072498293872564155
2024-03-27,-0.006120858228089109
2024-03-28,0.006362353965533128
2024-03-29,-0.023070997969453104
2024-04-01,-0.018411936845055564
2024-04-02,-0.0026073340085071184
2024-04-03,0.01569890566129126
2024-04-04,-0.004157300881667396
2024-04-05,0.0012093679173515463
2024-04-08,0.01153789272564012
2024-04-09,0.021268847332781463
2024-04-10,-0.005568484731483126
2024-04-11,3.1632762665739425e-05
2024-04-12,0.018420552213428424
2024-04-15,-0.015021992751914284
2024-04-16,0.010475810705538218
2024-04-17,-0.009983155323612582
2024-04-18,0.0012247236710315674
2024-04-19,-0.0022261904740027427
2024-04-22,-0.009380116007012293
2024-04-23,-0.00963101927658275
2024-04-24,0.002964143642537545
2024-04-25,0.010155393281626821
2024-04-26,-0.001097362031885032
2024-04-29,0.0009011315873321637
2024-04-30,0.005911740662910472
2024-05-01,-0.009516187730129598
2024-05-02,0.00759692508412923
2024-05-03,0.00839343097059747
2024-05-06,0.0262362629875041
2024-05-07,-0.0035610419055958228
2024-05-08,-0.004380818016681277
2024-05-09,0.007889658715737456
2024-05-10,0.008391041689121383
2024-05-13,-0.00515087153376712
2024-05-14,-0.0038316267693004886
2024-05-15,0.005611308382180404
2024-05-16,-0.008075842407346615
2024-05-17,-0.0039053398801501492
2024-05-20,0.0010959276736843466
2024-05-21,0.010159386848222582
2024-05-22,-0.005845986161795409
2024-05-23,-0.018223844620306722
2024-05-24,-0.01896597467518211
2024-05-27,-0.012394130667061333
2024-05-28,-0.012931677181999373
2024-05-29,-0.0013461075861990902
2024-05-30,-0.01168880153597605
2024-05-31,-0.006827549598212041
2024-06-03,-0.007540858849820498
2024-06-04,-0.004205078608479935
2024-06-05,0.013425043315231224
2024-06-06,0.006819475894305167
2024-06-07,0.00036129415276003874
2024-06-10,-0.004410262805808382
2024-06-11,-0.004132326566230212
2024-06-12,0.0034774646995194953
2024-06-13,0.006041690733522902
2024-06-14,-0.008876175061006004
2024-06-17,0.0005648075561423149
2024-06-18,-0.02011619568663027
2024-06-19,0.0023171378417059705
2024-06-20,0.007821492419586861
2024-06-21,-0.002600686268808754
2024-06-24,0.018365269961401053
2024-06-25,-0.008612384474360503
2024-06-26,0.0023744041530326127
2024-06-27,-0.00015824746665955475
2024-06-28,-0.0008029766744340833
2024-07-01,-0.0009432216800474763
2024-07-02,0.0012710503000947168
2024-07-03,0.008679587434636999
2024-07-04,0.013977362362747443
2024-07-05,0.0001774975549584261
2024-07-08,0.008353160721716333
2024-07-09,-0.006817669462667825
2024-07-10,0.00785955452726233
2024-07-11,-0.007419915238269904
2024-07-12,0.011106599360881323
2024-07-15,0.022306408773932394
2024-07-16,-0.0010208388797139179
2024-07-17,-0.021725434908074086
2024-07-18,-0.00528072933244823
2024-07-19,0.012518751342893033
2024-07-22,0.0057307678702524486
2024-07-23,0.0026891359867502957
2024-07-24,0.010286683559548392
2024-07-25,0.005044534392484219
2024-07-26,0.012377251874511365
2024-07-29,0.009394236766469857
2024-07-30,0.015417004527369589
2024-07-31,0.0037879608390625433
2024-08-01,0.009252594014939547
2024-08-02,-0.0028712707308578543
2024-08-05,-0.005814608115590059
2024-08-06,0.017267676404189733
2024-08-07,0.0023620467632268806
2024-08-08,0.00824880565862379
2024-08-09,0.0014374001441139017
2024-08-12,-0.005665156509199644
2024-08-13,0.0003098289258240132
2024-08-14,0.014559940177677142
2024-08-15,0.00575240074279424
2024-08-16,-0.016914731597304593
2024-08-19,-0.0019524445657615472
2024-08-20,0.01802293792704712
2024-08-21,-0.0019379686184995606
2024-08-22,-0.017804786917341806
2024-08-23,0.019130488854225434
2024-08-26,0.007023925098127926
2024-08-27,-0.0005001285881280039
2024-08-28,-0.003514177360820686
2024-08-29,0.011023519297917355
2024-08-30,-0.0052198340022619255
2024-09-02,0.011682564245159883
2024-09-03,0.00562195285724256
2024-09-04,0.0026468192548734994
2024-09-05,0.0016551480533559537
2024-09-06,-0.0015496803671417813
2024-09-09,0.010656401202092658
2024-09-10,-0.008453428321018341
2024-09-11,-0.016019251268302094
2024-09-12,0.006344401228924746
2024-09-13,0.0065123832806714774
2024-09-16,0.005002411525117666
2024-09-17,0.004277283696180388
2024-09-18,-0.0030054037833754784
2024-09-19,0.008074827043855252
2024-09-20,-0.00025558126754540874
2024-09-23,-0.004671135608151781
2024-09-24,-0.002918913122553999
2024-09-25,0.02040639698775832
2024-09-26,-0.01714976082045433
2024-09-27,0.005197881042957988
2024-09-30,-0.016591104276237174
2024-10-01,-0.0008823333832297322
2024-10-02,-0.0041362748515418775
2024-10-03,-0.02065028296679878
2024-10-04,0.00409037590433763
2024-10-07,-0.0036003806219219586
2024-10-08,-0.02079206342561244
2024-10-09,0.008595680907742521
2024-10-10,0.01455006177988935
2024-10-11,0.01510124342296572
2024-10-14,0.0037895644065147117
2024-10-15,0.000660581385771155
2024-10-16,0.01348156620895797
2024-10-17,0.017023835853400983
2024-10-18,0.01153568702875625
2024-10-21,-0.009215376022298011
2024-10-22,0.002213448532149219
2024-10-23,0.0045951614429142855
2024-10-24,-0.017896169689172296
2024-10-25,0.004893606596207741
2024-10-28,0.022929918259793892
2024-10-29,0.0065993616580079136
2024-10-30,0.014934130814417563
2024-10-31,0.0020291473012870507
2024-11-01,-0.0005321832398382149
2024-11-04,0.004012713900809755
2024-11-05,-0.007958266479844326
2024-11-06,-0.009437751872343886
2024-11-07,0.012863045571693658
2024-11-08,0.013923423428665184
2024-11-11,-0.009711063155873504
2024-11-12,0.009879988045538645
2024-11-13,-0.0006695997560602091
2024-11-14,0.0035980857449043058
2024-11-15,0.004802186394350634
2024-11-18,0.010143504681243184
2024-11-19,0.0010271820186318887
2024-11-20,0.014301619953019361
2024-11-21,0.0032941283975992473
2024-11-22,0.006441842724695325
2024-11-25,-0.008132625915372465
2024-11-26,0.02178659010704834
2024-11-27,0.004898249232049664
2024-11-28,0.007329974253450992
2024-11-29,-0.015881858112115416
2024-12-02,-0.008027020230791009
2024-12-03,0.012578836879187306
2024-12-04,0.0030689111829260473
2024-12-05,-0.01893779734828926
2024-12-06,0.010582899289838191
2024-12-09,-0.005237828043527235
2024-12-10,0.014313169858767122
2024-12-11,-0.0006783567860369966
2024-12-12,0.0022470668602052996
2024-12-13,0.011989545785916485
2024-12-16,-0.008774929708546623
2024-12-17,-0.009728468078339396
2024-12-18,-0.0017649842039810732
2024-12-19,0.008471727996212222
2024-12-20,-0.013108772526134906
2024-12-23,-0.016480345998890967
2024-12-24,0.008437209270437923
2024-12-25,-0.005829783125670038
2024-12-26,-0.003722260129202831
2024-12-27,-0.01836810401940166
2024-12-30,-0.006589793143519822
2024-12-31,0.00012432703368849365
2025-01-01,0.009503778576228923
2025-01-02,-0.0075123016623463885
2025-01-03,0.016773761202324964
2025-01-06,-0.006645560241798007
2025-01-07,-0.006630918015851747
2025-01-08,0.015573575518978023
2025-01-09,0.002314601523639172
2025-01-10,-0.005320247290115767
2025-01-13,-0.0013513313118059343
2025-01-14,0.013730735775420593
2025-01-15,0.01486202819625682
2025-01-16,-0.007967931792702559
2025-01-17,-0.00022433810079108214
2025-01-20,0.0011015682766757308
2025-01-21,-0.009662401105165976
2025-01-22,-0.00035685052649994306
2025-01-23,0.0002532286045170049
2025-01-24,0.011602094789367356
2025-01-27,0.01227425028311201
2025-01-28,-0.0030920939835900802
2025-01-29,-0.0019395314386081168
2025-01-30,0.006842923020556356
2025-01-31,-0.005651884489270115
2025-02-03,0.006086401517374026
2025-02-04,-0.0006790648736921473
2025-02-05,-0.009493985777386207
2025-02-06,-0.009368367128796466
2025-02-07,0.014670586960311021
2025-02-10,-0.0013642147914329859
2025-02-11,0.01660354093898311
2025-02-12,-0.0049363626071491015
2025-02-13,0.003112052011314934
2025-02-14,0.024126767230182415
2025-02-17,-0.010373867446632792
2025-02-18,-0.018778144998997767
2025-02-19,0.013065901312872334
2025-02-20,-0.008068091053930736
2025-02-21,-7.063641062337759e-06
2025-02-24,-0.0056591821045158495
2025-02-25,0.002881627809553161
2025-02-26,-0.009305362071857422
2025-02-27,-0.001599400878833061
2025-02-28,0.004698153265565342
2025-03-03,-0.009883088862742619
2025-03-04,-0.006800840296458889
2025-03-05,-0.0032738283359853176
2025-03-06,-0.014088154342262783
2025-03-07,-0.0040256098279874645
2025-03-10,0.0013879653990290185
2025-03-11,-0.003795489415884285
2025-03-12,-0.0025137649293172455
2025-03-13,9.832909341464578e-07
2025-03-14,-0.00635743462432314
2025-03-17,0.007110625658668772
2025-03-18,0.014559781248017758
2025-03-19,-0.0044438039219544855
2025-03-20,0.005051982314777071
2025-03-21,-0.002196171554346469
2025-03-24,0.0038548734503850474
2025-03-25,0.015857795312032543
2025-03-26,0.005286595430180988
2025-03-27,-0.01753414538809681
2025-03-28,0.004739956314469589
2025-03-31,0.012528637433090094
2025-04-01,-0.002015961699981027
2025-04-02,0.010156348061178325
2025-04-03,-0.00670115541151946
2025-04-04,-0.014655391595222738
2025-04-07,0.0016116901883264016
2025-04-08,-0.017364767207463144
2025-04-09,-0.002197710128935918
2025-04-10,0.01306842262645503
2025-04-11,-0.01889762905746281
2025-04-14,-0.012594967959138979
2025-04-15,-0.010120322451615775
2025-04-16,-0.0004331985971095997
2025-04-17,-0.0034571678564620924
2025-04-18,0.014191363816960874
2025-04-21,0.009743483290916975
2025-04-22,0.005152729460685979
2025-04-23,0.0016563031434388483
2025-04-24,0.004132297769848273
2025-04-25,-0.008419823553133749
2025-04-28,0.008772103535566123
2025-04-29,-0.01092044254359201
2025-04-30,0.008553769939022309
2025-05-01,0.01206142502118831
2025-05-02,0.002308646020880872
2025-05-05,-0.0015621305896197585
2025-05-06,0.004203099083096733
2025-05-07,-0.028415183701006732
2025-05-08,0.003222582184854613
2025-05-09,-0.0009335399783980703
2025-05-12,-0.0003062811305699102
2025-05-13,0.007265325128978275
2025-05-14,-0.0005476892156472781
2025-05-15,-0.01120206856651158
2025-05-16,-0.0012140267082537805
2025-05-19,0.0008755548408082447
2025-05-20,0.0013493391158101275
2025-05-21,0.0018191936728506808
2025-05-22,0.010593690449185534
2025-05-23,-0.010660345530341475
2025-05-26,0.001957004561648499
2025-05-27,0.01309929698618241
2025-05-28,-0.017146114969371955
2025-05-29,0.0019964668078005354
2025-05-30,-0.005653785019730435
2025-06-02,-0.0035071038447310496
2025-06-03,-0.00884807503214422
2025-06-04,-0.0014955071570044408
2025-06-05,0.018612556144269043
2025-06-06,-0.012444303611772137
2025-06-09,-0.011496100024788274
2025-06-10,-0.012819345701635045
2025-06-11,0.01747418286628101
2025-06-12,-0.00442339705521287
2025-06-13,-5.639060347674215e-05
2025-06-16,-0.003827829411062397
2025-06-17,-0.009244228784030915
2025-06-18,-0.002151506466144354
2025-06-19,0.0247824360573656
2025-06-20,0.01412070920974255
2025-06-23,-0.008329378177922722
2025-06-24,0.006675741030616857
2025-06-25,-0.008115227726663763
2025-06-26,-0.01756367638846221
2025-06-27,0.010395109176646296
2025-06-30,0.011800928466435509
2025-07-01,0.010660522510478995
2025-07-02,-0.0044986524921957274
2025-07-03,-0.0014677573400198622
2025-07-04,0.007697655536581232
2025-07-07,0.0041149603734810716
2025-07-08,-0.0037363747129704433
2025-07-09,-0.01599071820118165
2025-07-10,0.0013387519414201226
2025-07-11,0.010990096392361133
2025-07-14,-0.011775882890341571
2025-07-15,0.00658759381675977
2025-07-16,0.0035154169513369267
2025-07-17,0.007701482632323336
2025-07-18,0.008919754997190074
2025-07-21,-0.006744652419253531
2025-07-22,-0.015969594001649462
2025-07-23,-0.005135195256828794
2025-07-24,0.009091273175270075
2025-07-25,-0.005220039035259711
2025-07-28,-0.00674043323857642
2025-07-29,-0.018013503419246384
2025-07-30,0.01772647554550939
2025-07-31,0.0084571364142531
2025-08-01,0.007898959812747644
2025-08-04,0.009877253867794738
2025-08-05,0.005967083615434016
2025-08-06,-0.002243288551795291
2025-08-07,-0.0014376410412220166
2025-08-08,-0.004075643645921249
2025-08-11,0.02654740754415
2025-08-12,0.005759120312994425
2025-08-13,-0.004438004413514346
2025-08-14,0.004854967741662798
2025-08-15,-0.009908689178563175
2025-08-18,0.01524506718589227
2025-08-19,-0.006410690958071402
2025-08-20,0.0052108543262246575
2025-08-21,0.010859776297431345
2025-08-22,0.0040476854420499276
2025-08-25,0.001144699918196382
2025-08-26,0.0003080208485601516
2025-08-27,-0.0003644109688710714
2025-08-28,-0.005566984889275022
2025-08-29,-0.004294834297697043
2025-09-01,0.014995903736509351
2025-09-02,-0.0008853663268515668
2025-09-03,-0.007657962693827731
2025-09-04,-0.004962975968615086
2025-09-05,0.011203706806972231
2025-09-08,0.006956066331644784
2025-09-09,0.005803291782322569
2025-09-10,-0.0023752119890979146
2025-09-11,0.005933624701729451
2025-09-12,-0.00623561124950648
2025-09-15,-0.0023961403134577456
2025-09-16,0.009898044873917454
2025-09-17,0.008942776789190645
2025-09-18,-0.009619098459508032
2025-09-19,-0.008355264529085757
2025-09-22,0.0012870215281340967
2025-09-23,0.0174613237466951
2025-09-24,-0.018955651644689944
2025-09-25,0.002983329395705043
2025-09-26,-0.013560433315731481
2025-09-29,-0.006143309935255456
2025-09-30,-0.0034442841806424144
2025-10-01,-0.004005083434368909
2025-10-02,-0.005137959396592085
2025-10-03,0.00027207060376370154
2025-10-06,-0.0051525556663057845
2025-10-07,-0.014424573848541527
2025-10-08,0.007998696125227765
2025-10-09,0.007728721671488805
2025-10-10,0.00863174310022669
2025-10-13,-0.015207344962640819
2025-10-14,0.0031891815258415085
2025-10-15,0.006959788558069234
2025-10-16,-0.01011202068439585
2025-10-17,0.0002917324818212915
2025-10-20,-0.0009626664531036576
2025-10-21,0.018621506585682637
2025-10-22,0.01944496037012573
2025-10-23,-0.01644356393330201
2025-10-24,0.025139270057279894
2025-10-27,-0.008952257211533239
2025-10-28,0.010006732943274258
2025-10-29,0.00990497980863731
2025-10-30,-0.009756902268418067
2025-10-31,0.00513267793839099
