Doc_ID,finbert_pos,finbert_neu,finbert_neg,finbert_tone
2,0.050920327892526984,0.8964154198765755,0.05266423802822828,-0.0017439101357012987
4,0.058227663238843284,0.8894179066022238,0.05235442643364271,0.005873236805200577
5,0.07307994961738587,0.7594713062047959,0.16744873970746993,-0.09436879009008406
8,0.1374653740786016,0.7777624428272247,0.08477216027677059,0.05269321380183101
16,0.14819802840550741,0.8263451457023621,0.025456854452689488,0.12274117395281793
20,0.06138331886252452,0.8888402129041737,0.04977647009594687,0.011606848766577652
21,0.08536644466221333,0.8826107531785965,0.032022784696891904,0.05334365996532142
22,0.0912623587064445,0.8764148354530334,0.03232282446697354,0.05893953423947096
27,0.0511522363871336,0.9057556867599488,0.04309206865727901,0.008060167729854587
32,0.02855059877038002,0.9355281740427017,0.03592123789712787,-0.007370639126747847
33,0.08753009595804745,0.8264177971416049,0.08605209303398927,0.0014780029240581832
34,0.06639788299798965,0.9095558722813925,0.02404624844590823,0.04235163455208142
37,0.03910053397218386,0.8993335167566935,0.06156592878202597,-0.02246539480984211
44,0.1958583416417241,0.7088223770260811,0.09531931206583977,0.10053902957588434
45,0.03676598984748125,0.9145478904247284,0.04868613602593541,-0.01192014617845416
49,0.04324640426784754,0.9081371873617172,0.04861639719456434,-0.0053699929267168045
53,0.17706643883138895,0.7968831360340118,0.026050397427752614,0.15101604140363634
58,0.03065747084716956,0.6846967736879984,0.28464579954743385,-0.2539883287002643
59,0.047324581816792485,0.8392910718917846,0.11338436827063561,-0.06605978645384313
63,0.16405055796106657,0.7235684792200724,0.11238091190656026,0.051669646054506316
66,0.036288258930047355,0.9240313768386841,0.03968037113857766,-0.003392112208530307
73,0.22994176795085272,0.7308982610702515,0.03915994924803575,0.19078181870281696
77,0.09501341544091702,0.6745581142604351,0.23042848706245422,-0.1354150716215372
78,0.03992778124908606,0.9159953395525614,0.04407690092921257,-0.00414911968012651
82,0.035170091316103935,0.9110084275404612,0.053821466552714504,-0.01865137523661057
84,0.05294919634858767,0.9085377355416616,0.038513057554761566,0.014436138793826103
89,0.04457275103777647,0.8782450556755066,0.07718217885121703,-0.03260942781344056
90,0.021352193007866543,0.9330036044120789,0.04564417898654938,-0.024291985978682835
96,0.10330792982131243,0.8583766222000122,0.03831545636057854,0.06499247346073389
101,0.12175465151667594,0.7438699007034302,0.13437546119093896,-0.012620809674263017
106,0.0199588555842638,0.9312649766604105,0.04877615844209989,-0.02881730285783609
109,0.05095035086075465,0.8946073651313782,0.05444226413965225,-0.0034919132788976057
112,0.09162924904376268,0.8662002682685852,0.04217047430574894,0.049458774738013744
118,0.031166326875487965,0.8698525230089823,0.09898114204406738,-0.06781481516857941
128,0.032492274004552096,0.9179505705833435,0.04955716555317243,-0.017064891548620335
130,0.035836505517363546,0.7810584902763367,0.1831050157546997,-0.14726851023733617
133,0.027644870802760124,0.9286255240440369,0.043729618191719055,-0.01608474738895893
136,0.05311918817460537,0.9005013406276703,0.046379475854337215,0.006739712320268154
138,0.041796853144963585,0.9339068134625753,0.024296354812880356,0.01750049833208323
140,0.038900334388017654,0.9143527746200562,0.046746914740651846,-0.007846580352634192
142,0.04372953549027443,0.9169757246971131,0.039294737949967386,0.004434797540307046
144,0.03799420185387135,0.9174695014953613,0.04453629069030285,-0.006542088836431502
148,0.04795536269935278,0.8755887196614192,0.07645592451668702,-0.028500561817334243
152,0.06237272173166275,0.8532470539212227,0.08438022225163877,-0.02200750051997602
158,0.02771521620452404,0.9309352159500122,0.041349537670612335,-0.013634321466088294
161,0.028324559330940247,0.8593936324119568,0.11228179354220628,-0.08395723421126604
171,0.1432309684654077,0.7983623345692953,0.058406700690587364,0.08482426777482033
175,0.08122896527250607,0.8619819680849711,0.05678904118637244,0.024439924086133637
177,0.13295115530490875,0.7354698975880941,0.13157893220583597,0.0013722230990727835
178,0.05142560228705406,0.76348348458608,0.18509089946746826,-0.1336652971804142
180,0.022465134970843792,0.9344949026902517,0.043039956440528236,-0.020574821469684444
186,0.18879591729491949,0.7065806925296784,0.1046233655884862,0.08417255170643329
187,0.04106579162180424,0.9286252856254578,0.030308943862716358,0.01075684775908788
198,0.045549845322966576,0.9222640593846639,0.03218609715501467,0.013363748167951904
201,0.020780006423592567,0.9362267255783081,0.04299328848719597,-0.0222132820636034
215,0.14279168684567725,0.7869248368910381,0.07028345550809588,0.07250823133758137
218,0.08503010562237572,0.7659319586613599,0.14903795149396448,-0.06400784587158877
222,0.06481591860453288,0.8871214787165324,0.048062617580095925,0.016753301024436958
223,0.04421592876315117,0.9177863597869873,0.03799768164753914,0.00621824711561203
224,0.04378560185432434,0.853027418255806,0.10318695846945047,-0.05940135661512613
226,0.046392700324455895,0.9194613695144653,0.03414593699077765,0.012246763333678246
227,0.03606231976300478,0.858915905157725,0.10502177104353905,-0.06895945128053427
229,0.035170240141451356,0.9005078852176667,0.0643218606710434,-0.02915162052959204
232,0.035969074815511703,0.9163417021433512,0.04768921931584676,-0.01172014450033506
248,0.0563451899215579,0.9139222651720047,0.029732579831033945,0.026612610090523958
251,0.15552757401019335,0.758080780506134,0.08639163617044687,0.06913593783974648
256,0.07519731437787414,0.8867218047380447,0.03808089438825846,0.03711641998961568
257,0.0701219872571528,0.8702913969755173,0.05958663090132177,0.010535356355831027
261,0.031199799152091146,0.922397144138813,0.0464030378498137,-0.015203238697722554
262,0.06239820271730423,0.9149355192979177,0.022666269602874916,0.03973193311442931
267,0.046830798809727035,0.8833979566891988,0.06977126561105251,-0.022940466801325478
268,0.06942009087651968,0.875280037522316,0.055299882777035236,0.014120208099484444
271,0.04903480373322964,0.9077936828136444,0.043171510100364685,0.0058632936328649535
277,0.02215748466551304,0.9360515922307968,0.041790919844061136,-0.019633435178548098
278,0.08899827549854915,0.8832744359970093,0.02772725559771061,0.06127101990083854
280,0.029190754910048685,0.9255724674776981,0.0452367805532719,-0.016046025643223213
281,0.0332371863640017,0.928507129351298,0.0382556946327289,-0.005018508268727198
289,0.10123317800462246,0.7754523038864136,0.12331451773643494,-0.022081339731812477
291,0.10125065362080932,0.82297333329916,0.07577601284720004,0.02547464077360928
296,0.054853697307407856,0.9036575704813004,0.041488731279969215,0.01336496602743864
298,0.053287240366141,0.913264254728953,0.03344850645711025,0.01983873390903075
300,0.039139126530951925,0.7749128606584337,0.18594802398648527,-0.14680889745553335
302,0.04335011029615998,0.9226779639720917,0.033971951343119144,0.009378158953040838
306,0.12357454048469663,0.8396768420934677,0.03674861590843648,0.08682592457626015
308,0.06465003978122365,0.8895921490409158,0.04575782133774324,0.018892218443480407
311,0.0274798811879009,0.9344396144151688,0.038080497877672315,-0.010600616689771414
315,0.03551417635753751,0.9272866249084473,0.03719920013099909,-0.0016850237734615803
326,0.04542422108352184,0.9055864810943604,0.04898931458592415,-0.0035650935024023056
332,0.05137125340600809,0.9152727325757345,0.033356027056773506,0.01801522634923458
333,0.11981716100126505,0.6120041012763977,0.26817874098196626,-0.1483615799807012
336,0.06131113444765409,0.8793976108233134,0.059291246036688484,0.0020198884109656062
348,0.054334293430050216,0.900854766368866,0.04481096565723419,0.009523327772816025
350,0.022052903659641743,0.9370354115962982,0.04091167030856013,-0.01885876664891839
354,0.06712512485682964,0.8592825333277384,0.07359233219176531,-0.006467207334935665
357,0.05399275509019693,0.9132556815942129,0.03275156890352567,0.021241186186671257
359,0.09652793686836958,0.8414851427078247,0.06198689993470907,0.03454103693366051
361,0.027633251829279795,0.9303903248574998,0.04197642455498377,-0.014343172725703977
363,0.07093378528952599,0.6285692453384399,0.30049694950381917,-0.22956316421429318
368,0.0928332010904948,0.8504318992296854,0.05673489781717459,0.036098303273320205
372,0.027894610272986547,0.9213133709771293,0.05079202407172748,-0.022897413798740936
373,0.12301149778068066,0.8135808929800987,0.06340759387239814,0.05960390390828252
376,0.05475417524576187,0.9119528929392496,0.03329293678204218,0.021461238463719688
377,0.04397789823512236,0.6156721810499827,0.3403499225775401,-0.2963720243424177
378,0.05707745812833309,0.8941084742546082,0.04881406451265017,0.008263393615682922
380,0.04722799484928449,0.9138844609260559,0.038887551675240196,0.008340443174044296
384,0.07056710248192151,0.8772356510162354,0.0521972564359506,0.01836984604597091
389,0.0483113465209802,0.9139209191004435,0.03776773686210314,0.01054360965887706
396,0.034122965609033905,0.8777097741762797,0.08816725599269072,-0.054044290383656816
400,0.28769687314828235,0.5405981838703156,0.17170490697026253,0.11599196617801982
411,0.03457685932517052,0.9246744215488434,0.0407486860640347,-0.006171826738864183
413,0.05782831460237503,0.9061118438839912,0.03605984174646437,0.02176847285591066
417,0.07234112126752734,0.7711585611104965,0.15650031436234713,-0.08415919309481978
419,0.06084334167341391,0.9058865507443746,0.033270154148340225,0.027573187525073685
421,0.046919883042573926,0.9082239985466003,0.04485613480210304,0.0020637482404708835
423,0.02667381539940834,0.9197393298149109,0.05358688458800316,-0.02691306918859482
425,0.0722624696791172,0.8004724681377411,0.12726507941260934,-0.055002609733492136
431,0.09200370162725449,0.8635002255439759,0.044496065750718114,0.04750763587653638
443,0.16215944290161133,0.8086968541145325,0.02914370447397232,0.133015738427639
444,0.06479162722826004,0.9054533243179321,0.029755076703925926,0.03503655052433412
446,0.09610751333336036,0.8696329394976298,0.034259533820052944,0.061847979513307415
454,0.08039099872112274,0.8730937838554382,0.046515227667987345,0.03387577105313539
455,0.045989387979110084,0.8940421541531881,0.0599684864282608,-0.013979098449150719
456,0.04021491575986147,0.906477153301239,0.05330790672451258,-0.013092990964651108
458,0.038942181318998334,0.9318804383277893,0.02917740009725094,0.009764781221747395
462,0.04278440261259675,0.9054833054542542,0.05173229239881039,-0.008947889786213636
473,0.02737235836684704,0.9338132441043854,0.038814383558928967,-0.011442025192081928
482,0.06736408453434706,0.8587889671325684,0.07384695531800389,-0.0064828707836568356
487,0.051286554584900536,0.9160475333531698,0.032665885984897614,0.018620668600002922
490,0.15996141731739044,0.7880693554878235,0.05196923706680536,0.10799218025058507
492,0.12022577822208405,0.760309636592865,0.1194645980373025,0.0007611801847815514
500,0.11922350525856018,0.7936852839257982,0.08709120067457359,0.032132304583986596
513,0.03891002153977752,0.9257843047380447,0.03530567837879062,0.0036043431609869003
518,0.0335630780706803,0.9325370987256368,0.033899866665403046,-0.0003367885947227478
525,0.04408967246611913,0.8951031764348348,0.06080713619788488,-0.016717463731765747
533,0.08499826490879059,0.531563845773538,0.38343791166941327,-0.2984396467606227
544,0.031581658869981766,0.9342487653096517,0.03416959072152773,-0.0025879318515459673
552,0.03148509903500477,0.8797250886758169,0.08878983743488789,-0.057304738399883114
556,0.0296402412156264,0.9266607562700907,0.043699007481336594,-0.014058766265710194
561,0.056276523818572365,0.9051436384518942,0.03857984828452269,0.017696675534049675
565,0.07964961137622595,0.8933499753475189,0.0270003960467875,0.05264921532943845
568,0.06983883306384087,0.8650416284799576,0.06511954357847571,0.004719289485365152
571,0.1498041469603777,0.8274616897106171,0.022734141908586025,0.12707000505179167
572,0.06835849583148956,0.8961661458015442,0.035475349985063076,0.03288314584642649
576,0.06280651167035103,0.88354572057724,0.05364775396883488,0.009158757701516154
579,0.025338061153888702,0.9157353043556213,0.058926632834805384,-0.03358857168091668
580,0.2538079582154751,0.6768249645829201,0.0693670897744596,0.18444086844101548
583,0.05905331360797087,0.8982685506343842,0.04267814972748359,0.01637516388048728
584,0.07142916942636172,0.877081573009491,0.05148924763003985,0.019939921796321876
588,0.054733784248431526,0.8943935036659241,0.05087269594271978,0.003861088305711746
590,0.08050921807686488,0.8586994409561157,0.06079134407142798,0.019717874005436904
601,0.11604397092014551,0.7686143592000008,0.11534166685305536,0.0007023040670901537
602,0.045166811905801296,0.90532286465168,0.04951033741235733,-0.004343525506556034
604,0.12408450804650784,0.8027974267800649,0.07311803754419088,0.05096647050231695
624,0.07905110468467076,0.8951460719108582,0.025802808503309887,0.05324829618136087
635,0.08442999310791492,0.8811213493347168,0.03444863222539425,0.04998136088252067
636,0.07444476305196683,0.8572475214799246,0.06830771267414093,0.006137050377825901
638,0.09886833156148593,0.845842440923055,0.05528923372427622,0.04357909783720971
641,0.11947028338909149,0.8532368143399557,0.027292903512716293,0.0921773798763752
649,0.02896213484928012,0.9119506925344467,0.05908716470003128,-0.03012502985075116
657,0.040275810907284416,0.9207538167635599,0.038970390955607094,0.0013054199516773224
664,0.07344224635097715,0.8543466462029351,0.07221108902659681,0.0012311573243803386
665,0.06073077511973679,0.8547321930527687,0.08453703369013965,-0.02380625857040286
668,0.05512875644490123,0.9022539108991623,0.0426173466257751,0.01251140981912613
670,0.14418552815914154,0.7706656083464622,0.08514887816272676,0.05903664999641478
672,0.057919217832386495,0.871030616760254,0.07105015013366937,-0.013130932301282879
673,0.04119258467108011,0.8837308049201965,0.07507660426199436,-0.03388401959091425
677,0.14438085009654364,0.7099301020304362,0.14568902676304182,-0.0013081766664981842
678,0.07724634524096143,0.8867316083474592,0.03602206088941206,0.041224284351549366
685,0.027862293645739555,0.9175858199596405,0.054551894310861826,-0.02668960066512227
688,0.060045952908694744,0.9020722061395645,0.03788181068375707,0.022164142224937677
689,0.026611281093209982,0.9071478545665741,0.06624086014926434,-0.039629579056054354
690,0.06444358887771766,0.8795864284038544,0.05596997340520223,0.008473615472515426
695,0.08573143898199002,0.8553573191165924,0.05891123631348213,0.026820202668507896
696,0.04871052075177431,0.9009756326675415,0.05031383577734232,-0.001603315025568007
697,0.030114945645133655,0.9204767942428589,0.04940823713938395,-0.019293291494250294
702,0.12565540718949503,0.8157960375150045,0.058548556744224496,0.06710685044527054
704,0.04722197353839874,0.87366251150767,0.07911550626158714,-0.0318935327231884
709,0.022397748194634914,0.9054709821939468,0.07213125936686993,-0.04973351117223501
710,0.09857221064157784,0.749093497171998,0.15233428310602903,-0.053762072464451194
719,0.10094444155693054,0.8694285154342651,0.029627043195068835,0.07131739836186171
721,0.06952118004361789,0.9031618038813273,0.027317002415657043,0.042204177627960845
731,0.11136025965213775,0.8107177013158798,0.07792203608900308,0.03343822356313467
732,0.15033689513802528,0.7426598270734152,0.10700329765677452,0.04333359748125076
733,0.1036305958405137,0.8278604249159495,0.06850896434237559,0.035121631498138114
734,0.08371811803607714,0.8469271745000567,0.06935469469144231,0.01436342334463482
736,0.11883861358676638,0.8541929381234306,0.026968446161065782,0.0918701674257006
737,0.04692334681749344,0.9287449518839518,0.024331723650296528,0.02259162316719691
741,0.0942496092369159,0.8528997898101807,0.05285057611763477,0.04139903311928113
743,0.07011352013796568,0.8777602165937424,0.052126274444162846,0.017987245693802834
744,0.08163282019086182,0.8757796660065651,0.04258750565350056,0.039045314537361264
747,0.11604034528136253,0.7698167363802592,0.11414293199777603,0.001897413283586502
748,0.03429449489340186,0.7805786058306694,0.1851269267499447,-0.15083243185654283
749,0.11711339205503464,0.8116792157292366,0.07120737545192242,0.04590601660311222
751,0.023015762368837994,0.9164584080378214,0.06052580724159876,-0.03751004487276077
754,0.0742990846435229,0.8470941185951233,0.07860677316784859,-0.004307688524325684
757,0.06591152027249336,0.8555481235186259,0.07854034658521414,-0.012628826312720776
759,0.2042965775887881,0.6316565472100463,0.16404685072068656,0.04024972686810155
760,0.08576331473886967,0.8436301151911417,0.0706065869372752,0.015156727801594466
764,0.06478845576445262,0.8968440890312195,0.03836744030316671,0.02642101546128591
766,0.06078924098983407,0.8649697005748749,0.07424108264967799,-0.013451841659843922
767,0.042252346873283386,0.8974811832110087,0.06026648605863253,-0.018014139185349144
772,0.27838852256536484,0.6539894541104635,0.06762207423647244,0.2107664483288924
774,0.033282892778515816,0.920240843296051,0.046476272866129875,-0.01319338008761406
778,0.0769185536940183,0.8643858858517238,0.05869556684046984,0.018222986853548465
779,0.05187367585798105,0.8947937786579132,0.05333256566276153,-0.0014588898047804832
783,0.04432586207985878,0.8360669480429755,0.11960717808041307,-0.0752813160005543
784,0.04299970413558185,0.8920077756047249,0.0649925135076046,-0.021992809372022748
788,0.05114182705680529,0.9096779425938925,0.03918025145928065,0.011961575597524643
793,0.07507328987121582,0.8914705514907837,0.033456136286258695,0.04161715358495713
794,0.058817263692617416,0.8315229415893555,0.10965977609157562,-0.050842512398958206
797,0.1487355257074038,0.8114905953407288,0.039773896957437195,0.10896162874996662
803,0.08478708068529765,0.8821725646654764,0.03304031925896803,0.05174676142632962
806,0.07359035406261683,0.874284918819155,0.05212472365903003,0.021465630403586795
807,0.10646948358044028,0.8393477499485016,0.054182765539735556,0.05228671804070473
809,0.12886247729115627,0.8092356972834643,0.061901814413859564,0.06696066287729671
814,0.06266982946544886,0.8601764142513275,0.07715376062939565,-0.014483931163946792
817,0.12925321018944183,0.7952059904734293,0.0755407993371288,0.05371241085231303
818,0.06455374322831631,0.8721457322438558,0.06330049907167752,0.0012532441566387859
822,0.12086741502086322,0.8545730312665304,0.024559559921423595,0.09630785509943962
825,0.06156357750296593,0.8974827925364176,0.040953618163863816,0.02060995933910211
827,0.0812061607837677,0.8651861429214478,0.05360768362879753,0.027598477154970172
829,0.09429636100927989,0.8672179579734802,0.038485677912831306,0.055810683096448585
830,0.12204648461192846,0.7579319179058075,0.1200215918943286,0.0020248927175998688
834,0.03626804364224275,0.9053755005200704,0.05835647756854693,-0.022088433926304177
836,0.12929843068122865,0.6963484346866607,0.17435310781002045,-0.0450546771287918
839,0.05311148576438427,0.91001216173172,0.03687634691596031,0.01623513884842396
840,0.05065275775268674,0.8879028856754303,0.06144437752664089,-0.010791619773954153
841,0.07414458971470594,0.8797715753316879,0.04608384380117059,0.028060745913535357
842,0.1079891063272953,0.7787236372629801,0.11328727131088574,-0.005298164983590439
843,0.07190229564618605,0.8756895982302152,0.05240810802206397,0.019494187624122084
844,0.15636608625451723,0.7961896657943726,0.047444241431852184,0.10892184482266504
846,0.04495280906558037,0.7582226872444153,0.19682452604174613,-0.15187171697616575
850,0.06306543946266174,0.9059419830640157,0.03099256008863449,0.03207287937402725
860,0.2708551865071058,0.6957821873947978,0.033362640999257565,0.23749254550784826
862,0.07311845136185487,0.8713956673940023,0.055485885590314865,0.01763256577154
872,0.14274386912584305,0.7910394012928009,0.06621672268956899,0.07652714643627406
878,0.04924064284811417,0.7667717610796293,0.183987599487106,-0.13474695663899183
879,0.07406347170472145,0.8766277551651,0.049308785051107404,0.02475468665361405
881,0.03503112681210041,0.9259263753890992,0.0390425018966198,-0.004011375084519389
883,0.07322749495506287,0.8853054642677307,0.04146704822778702,0.03176044672727585
885,0.039510652190074325,0.909257136285305,0.05123220453970134,-0.011721552349627018
890,0.05253733228892088,0.8804851522048315,0.0669775220255057,-0.014440189736584827
891,0.19463122884432474,0.7745718310276667,0.030796939507126808,0.16383428933719793
896,0.026006723754107952,0.9339201301336288,0.04007318988442421,-0.014066466130316257
897,0.043848035484552385,0.8284894585609436,0.12766248732805252,-0.08381445184350014
902,0.147493832744658,0.8223045766353607,0.030201585963368416,0.11729224678128958
908,0.0493955803103745,0.907291829586029,0.04331260174512863,0.006082978565245867
912,0.05454260855913162,0.9142965177694956,0.031160891366501648,0.023381717192629974
916,0.07069283723831177,0.8654342293739319,0.06387297715991735,0.006819860078394413
922,0.39172833909591037,0.48931093762318295,0.11896069968740146,0.2727676394085089
927,0.1245485246181488,0.8316196997960409,0.04383177558581034,0.08071674903233847
928,0.03993325843475759,0.8687403276562691,0.09132640925236046,-0.05139315081760287
930,0.04890206425140301,0.9038304587205251,0.0472674590225021,0.0016346052289009094
944,0.04991589610775312,0.9038473963737488,0.046236698826154075,0.003679197281599045
953,0.0405488470569253,0.9085469394922256,0.0509042302146554,-0.010355383157730103
959,0.061095322482287884,0.904446929693222,0.034457755740731955,0.02663756674155593
962,0.12991999089717865,0.7942319959402084,0.0758480322547257,0.054071958642452955
966,0.21353363618254662,0.7670775055885315,0.019388850778341293,0.19414478540420532
974,0.0743843400850892,0.8999930769205093,0.025622596964240074,0.04876174312084913
977,0.06645665566126506,0.8960781494776408,0.03746516567965349,0.028991489981611572
979,0.04836644008755684,0.9184463262557984,0.033187232166528705,0.015179207921028136
986,0.04296105417112509,0.9284311731656393,0.02860780308643977,0.014353251084685322
987,0.05165043535331885,0.9028712113698324,0.04547830174366633,0.006172133609652519
988,0.07229670509696007,0.8520183761914571,0.07568492119510968,-0.003388216098149613
994,0.03747552384932836,0.9113460580507914,0.05117843175927798,-0.013702907909949616
996,0.04521535374224186,0.9046474814414978,0.05013716146349907,-0.004921807721257214
997,0.14519075800975165,0.762524942557017,0.09228428763647874,0.05290647037327291
998,0.05459796211549214,0.9050483618463788,0.040353652622018545,0.014244309493473592
1001,0.05513830607136091,0.8825050791104635,0.06235662320007881,-0.007218317128717899
1007,0.0733771612867713,0.8942578285932541,0.032365023624151945,0.04101213766261935
1012,0.056740286863512464,0.8623763256602817,0.0808833816813098,-0.02414309481779734
1014,0.051913841627538204,0.9082434475421906,0.03984272852540016,0.012071113102138042
1015,0.14488742810984453,0.7577767570813497,0.09733581418792407,0.04755161392192046
1023,0.057359952479600906,0.8823795715967814,0.06026047344009081,-0.0029005209604899065
1028,0.13502277930577597,0.8277446031570435,0.03723263740539551,0.09779014190038046
1032,0.049391536662975945,0.8477639357248942,0.10284453040609758,-0.05345299374312163
1037,0.06294680355737607,0.8803995052973429,0.056653728087743126,0.006293075469632946
1044,0.07385214169820149,0.8839101195335388,0.0422377431144317,0.03161439858376979
1046,0.0492750876583159,0.9098271727561951,0.04089775402098894,0.008377333637326956
1047,0.11142499260604381,0.8147991061210632,0.07377587892115116,0.037649113684892654
1060,0.1525528436260564,0.7538442441395351,0.09360290584819657,0.058949937777859826
1062,0.040140887101491295,0.8310263554255167,0.1288327251871427,-0.0886918380856514
1064,0.042851283525427185,0.9202355742454529,0.036913170789678894,0.005938112735748291
1066,0.17346576135605574,0.7908266559243202,0.035707551054656506,0.13775821030139923
1069,0.09526121988892555,0.854877769947052,0.04986099029580752,0.045400229593118034
1071,0.04401880782097578,0.9142806529998779,0.04170056153088808,0.0023182462900877
1072,0.08194025978446007,0.8664236903190613,0.05163607038557529,0.030304189398884775
1076,0.043155706177155174,0.9280668497085571,0.028777452185750008,0.014378253991405167
1078,0.08906102236793485,0.840781642947086,0.07015734109594378,0.018903681271991074
1080,0.1928796162828803,0.7653948441147804,0.04172554844990373,0.15115406783297658
1085,0.05296245527764162,0.6602352261543274,0.2868023527165254,-0.23383989743888375
1090,0.06929213274270296,0.8594694882631302,0.07123837945982814,-0.0019462467171251774
1091,0.11843905318528414,0.7301731705665588,0.1513877660036087,-0.032948712818324566
1092,0.02775547467172146,0.9292181730270386,0.043026372169454895,-0.015270897497733436
1094,0.2591146466632684,0.7182998061180115,0.0225855332488815,0.2365291134143869
1095,0.0473406029244264,0.904123067855835,0.04853635529677073,-0.0011957523723443303
1096,0.07889782637357712,0.8694719274838766,0.051630228757858276,0.02726759761571884
1100,0.050410263861219086,0.5505158429344496,0.39907386153936386,-0.34866359767814475
1101,0.04560359753668308,0.9194515645503998,0.03494483372196555,0.010658763814717531
1104,0.16224012151360512,0.8111854642629623,0.02657440141774714,0.13566572009585798
1111,0.1560375796010097,0.4793371831377347,0.3646252037336429,-0.20858762413263318
1112,0.05153688043355942,0.6883678771555424,0.2600952312350273,-0.2085583508014679
1115,0.054395494610071184,0.9103727102279663,0.03523181714117527,0.019163677468895912
1120,0.08546974044293165,0.8720746785402298,0.04245556378737092,0.04301417665556073
1122,0.050702611729502675,0.901211953163147,0.04808542914688587,0.0026171825826168046
1126,0.09819462057203054,0.8431127220392227,0.05869264900684357,0.03950197156518698
1128,0.05786397432287534,0.8775358200073242,0.06460022429625194,-0.006736249973376594
1129,0.04033055901527405,0.8612457315127054,0.09842369705438614,-0.05809313803911209
1130,0.07502991240471601,0.8869750648736954,0.03799504041671753,0.037034871987998486
1135,0.20142318308353424,0.685303084552288,0.11327369697391987,0.08814948610961437
1138,0.042963782946268715,0.9227490425109863,0.03428718137244383,0.008676601573824883
1141,0.059208830120041966,0.8929558917880058,0.04783529392443597,0.011373536195605993
1143,0.060164778493344784,0.9080449044704437,0.031790328212082386,0.028374450281262398
1145,0.17288804550965628,0.7159812251726786,0.11113070572415988,0.0617573397854964
1146,0.1824808781966567,0.7867513746023178,0.030767733929678798,0.1517131442669779
1149,0.11053284769877791,0.8518106043338776,0.03765652235597372,0.0728763253428042
1150,0.050191815476864576,0.9096774905920029,0.04013068787753582,0.010061127599328756
1152,0.04608326964080334,0.8287442624568939,0.12517243763431907,-0.07908916799351573
1154,0.09636970112721126,0.8580422004063925,0.045588091015815735,0.05078161011139552
1155,0.06363397650420666,0.8983370264371237,0.038029006061454616,0.02560497044275204
1166,0.11891042813658714,0.8568612535794576,0.02422832604497671,0.09468210209161043
1167,0.06888674323757489,0.8889716962973276,0.04214156287101408,0.02674518036656081
1168,0.05660581076517701,0.9128730446100235,0.030521133681759238,0.026084677083417773
1170,0.0660657525062561,0.8934809327125549,0.04045332223176956,0.025612430274486536
1172,0.07338441908359528,0.8505239089330038,0.07609163348873456,-0.0027072144051392827
1176,0.0404304297020038,0.9064730604489645,0.05309650550285975,-0.01266607580085595
1187,0.06316366698592901,0.8666227757930756,0.07021354744210839,-0.00704988045617938
1188,0.1405300615976254,0.7511164347330729,0.10835348318020503,0.03217657841742037
1191,0.04769202275201678,0.9029853045940399,0.04932265309616923,-0.0016306303441524506
1193,0.0777160053451856,0.8738007545471191,0.04848325997591019,0.029232745369275406
1194,0.059815689300497375,0.8949795166651408,0.04520478223760923,0.014610907062888145
1196,0.05823771469295025,0.9033622571400234,0.03840001938598497,0.019837695306965282
1197,0.04425051137804985,0.925577974319458,0.03017151653766632,0.014078994840383528
1200,0.32773498942454654,0.6297913094361623,0.042473724111914635,0.2852612653126319
1202,0.08768923860043287,0.8674419075250626,0.04486885201185942,0.042820386588573456
1203,0.1449925276849951,0.7850890074457441,0.06991845449166638,0.07507407319332872
1204,0.2346482254564762,0.7273821465671062,0.037969598546624184,0.19667862690985202
1206,0.1483190655708313,0.7564190775156021,0.0952618420124054,0.0530572235584259
1213,0.04653039361749377,0.906417463506971,0.04705213489277022,-0.0005217412752764536
1214,0.06110036466270685,0.90953728556633,0.029362369095906615,0.03173799556680024
1215,0.028082120542724926,0.8265434106191,0.1453744520743688,-0.11729233153164388
1217,0.06525913998484612,0.9128142992655436,0.02192651169995467,0.04333262828489144
1218,0.08250196712712447,0.877931555112203,0.039566500733296074,0.0429354663938284
1221,0.05519706130559955,0.7806572381939206,0.16414567881396838,-0.10894861750836883
1223,0.11634322665631772,0.816577422618866,0.0670793104916811,0.049263916164636615
1227,0.08182642888277769,0.8616712987422943,0.05650229984894395,0.025324129033833742
1235,0.03463521475593249,0.9376440644264221,0.027720711504419644,0.006914503251512844
1238,0.07376162769893806,0.8743914365768433,0.05184690157572428,0.021914726123213775
1241,0.07617450319230556,0.8960229009389877,0.027802589815109968,0.0483719133771956
1247,0.05967761451999346,0.9056679606437683,0.03465442173182964,0.02502319278816382
1249,0.04020758904516697,0.9248191118240356,0.03497330223520597,0.005234286809960999
1253,0.08830497041344643,0.8602090875307719,0.05148595540473858,0.036819015008707844
1255,0.10743589450915654,0.833504855632782,0.0590592585504055,0.04837663595875104
1256,0.048537112306803465,0.5890399999916553,0.36242287047207355,-0.3138857581652701
1257,0.04777176259085536,0.8957510739564896,0.05647716764360666,-0.008705405052751303
1259,0.047002218663692474,0.9128727912902832,0.04012499004602432,0.006877228617668152
1260,0.0477858471373717,0.7672415773073832,0.18497255071997643,-0.13718670358260474
1262,0.16988971084356308,0.7414017717043558,0.08870852924883366,0.08118118159472942
1264,0.052665874568952456,0.9017882015970018,0.04554594722059038,0.007119927348362073
1266,0.07075750082731247,0.8894034425417582,0.039839046696821846,0.030918454130490623
1272,0.04665140528231859,0.8643554747104645,0.08899313444271684,-0.042341729160398245
1274,0.02737256574134032,0.9334319631258646,0.03919548541307449,-0.011822919671734173
1277,0.05990980751812458,0.8981762528419495,0.04191395019491514,0.017995857323209442
1279,0.0772814815863967,0.8797108829021454,0.043007653672248125,0.03427382791414857
1280,0.06157940439879894,0.8824227367128644,0.055997836004410474,0.005581568394388468
1282,0.11847125217318535,0.7964857816696167,0.08504294268786908,0.03342830948531628
1301,0.11148540303111076,0.8425387293100357,0.04597586952149868,0.06550953350961208
1303,0.08213236182928085,0.8482243418693542,0.06964331492781639,0.012489046901464462
1307,0.05699468916282058,0.89701709151268,0.04598821233958006,0.011006476823240519
1308,0.10810368284583091,0.8413380742073059,0.05055825002491474,0.05754543282091617
1310,0.05228663608431816,0.8230974674224854,0.12461591884493828,-0.07232928276062012
1312,0.05281111150979996,0.9107620716094971,0.036426801979541776,0.016384309530258184
1313,0.08495575247798115,0.8514362387359142,0.06360801705159247,0.02134773542638868
1317,0.11365193935732047,0.6005940238634745,0.2857540138065815,-0.172102074449261
1319,0.03518778209884962,0.9255507787068685,0.03926146713395914,-0.00407368503510952
1321,0.07420534693769046,0.8872904181480408,0.0385042138929878,0.03570113304470266
1322,0.058797809295356274,0.7943887040019035,0.14681350532919168,-0.08801569603383541
1324,0.036392701168855034,0.8664900859196981,0.09711718062559764,-0.06072447945674261
1325,0.05647321666280428,0.8924656907717387,0.05106110995014509,0.005412106712659195
1326,0.10589051122466724,0.8313232560952505,0.06278621094922225,0.043104300275444984
1330,0.08311666343361139,0.8504011631011963,0.06648217961192131,0.016634483821690083
1333,0.10069899513785328,0.8240751709256854,0.07522583273904664,0.025473162398806648
1334,0.11152101531624795,0.8649863481521607,0.023492634668946265,0.08802838064730167
1335,0.1825446453359392,0.721769114335378,0.09568624819318454,0.08685839714275466
1336,0.11129420902580023,0.785444900393486,0.10326088545843959,0.00803332356736064
1346,0.09721167385578156,0.8680262565612793,0.03476204676553607,0.062449627090245485
1349,0.054038489858309426,0.8806580305099487,0.06530346473058064,-0.011264974872271218
1350,0.06728109046816826,0.8906967520713807,0.04202215559780598,0.02525893487036228
1361,0.04009775025770068,0.9020148515701294,0.05788741912692785,-0.01778966886922717
1365,0.05249103344976902,0.9173767367998759,0.03013221174478531,0.02235882170498371
1368,0.17191476337611675,0.7875055074691772,0.04057973064482212,0.13133503273129463
1371,0.047353857196867466,0.9071894288063049,0.04545670701190829,0.0018971501849591732
1372,0.0701016578823328,0.8889508048693339,0.04094750682512919,0.029154151057203613
1377,0.0499791627128919,0.9017930527528127,0.04822778639694055,0.0017513763159513474
1379,0.05470483625928561,0.9055199225743612,0.039775241166353226,0.014929595092932381
1380,0.12741032615303993,0.8446965217590332,0.027893191824356716,0.09951713432868321
1381,0.18818426877260208,0.7779621283213297,0.033853597939014435,0.15433067083358765
1382,0.07590240985155106,0.8403069774309794,0.08379062327245872,-0.007888213420907661
1384,0.07207135111093521,0.8810971260070801,0.04683152250945568,0.02523982860147953
1388,0.039599884301424026,0.9017564058303833,0.05864371359348297,-0.019043829292058945
1389,0.06928061041980982,0.8952693790197372,0.035450002644211054,0.033830607775598764
1398,0.07980582896958698,0.8830795884132385,0.03711458964442665,0.04269123932516033
1402,0.062053958885371685,0.8925976653893789,0.04534836610158285,0.016705592783788838
1409,0.260510703548789,0.5591151863336563,0.18037409614771605,0.08013660740107298
1415,0.1892161394158999,0.7703140576680502,0.04046978785966834,0.14874635155623156
1416,0.037325038108974695,0.9161652028560638,0.04650976648554206,-0.009184728376567364
1422,0.10577209815382957,0.7764926552772522,0.11773526333272458,-0.011963165178895008
1431,0.12085741311311722,0.8076737821102142,0.0714688055217266,0.04938860759139062
1436,0.11131889838725328,0.8596515208482742,0.029029580764472485,0.0822893176227808
1437,0.28015218923489255,0.3788790615896384,0.3409687640766303,-0.06081657484173775
1442,0.046538568722705044,0.8344780206680298,0.11898340905706088,-0.07244484033435583
1444,0.06061716005206108,0.9055511802434921,0.03383166575804353,0.026785494294017553
1449,0.07193152084946633,0.8957210183143616,0.03234745673835278,0.03958406411111355
1450,0.21831949427723885,0.7504677087068558,0.031212808564305305,0.18710668571293354
1451,0.034273370169103146,0.9209545403718948,0.04477211646735668,-0.010498746298253536
1460,0.06534946088989575,0.8760241270065308,0.05862643818060557,0.006723022709290184
1466,0.06093966122716665,0.9094934910535812,0.029566835146397352,0.0313728260807693
1479,0.0657841358333826,0.8978805442651113,0.03633529475579659,0.029448841077586017
1482,0.08006965219974518,0.8714619874954224,0.04846838153898716,0.031601270660758025
1488,0.061003997921943665,0.896713525056839,0.04228246212005615,0.018721535801887512
1489,0.04930497116098801,0.8962434828281403,0.05445154756307602,-0.005146576402088009
1494,0.05235823678473631,0.8760262330373129,0.07161554197470348,-0.019257305189967162
1497,0.07000346714630723,0.689331192523241,0.24066537292674184,-0.1706619057804346
1498,0.05363273248076439,0.9015321532885233,0.04483512292305628,0.008797609557708107
1502,0.041595229506492616,0.9139491081237793,0.044455652683973314,-0.0028604231774806976
1503,0.1779974214732647,0.774835467338562,0.04716708635290464,0.13083033512036005
1509,0.06289005652070045,0.888059933980306,0.04905002564191818,0.013840030878782272
1510,0.03920589635769526,0.9290768702824911,0.03171723894774914,0.0074886574099461214
1513,0.17529062367975712,0.785183846950531,0.039525520677367844,0.13576510300238928
1515,0.09033806684116523,0.8189902702967325,0.09067166410386562,-0.00033359726270039414
1521,0.06981069222092628,0.8897975484530131,0.04039177671074867,0.029418915510177612
1522,0.10523202766974767,0.864208996295929,0.030558976034323376,0.07467305163542429
1525,0.08283019298687577,0.8776586651802063,0.03951110690832138,0.04331908607855439
1526,0.07653224095702171,0.8836899201075236,0.03977783334751924,0.03675440760950247
1530,0.05836363323032856,0.8984112739562988,0.04322512447834015,0.015138508751988411
1531,0.0908031826838851,0.8624427914619446,0.04675401421263814,0.04404916847124696
1545,0.06563303247094154,0.8510584632555643,0.08330851482848327,-0.017675482357541725
1546,0.08217682937781016,0.8515201807022095,0.06630299737056096,0.015873832007249206
1549,0.1596946114053329,0.7998958230018616,0.04040954727679491,0.11928506412853798
1554,0.07974258189400037,0.868833323319753,0.05142409002615346,0.028318491867846907
1559,0.09075937513262033,0.7262367904186249,0.18300382886081934,-0.092244453728199
1563,0.05024235198895136,0.9161226948102316,0.0336349681019783,0.01660738388697306
1569,0.05736217577941716,0.8975602239370346,0.045077592600136995,0.012284583179280162
1574,0.13871717527508737,0.8320090264081955,0.02927378760650754,0.10944338766857983
1576,0.27428089703122777,0.6706846952438354,0.05503440834581852,0.21924648868540925
1579,0.0854317020624876,0.8647223591804505,0.04984593093395233,0.03558577112853527
1586,0.15521111392549106,0.805655871118818,0.039133013492184024,0.11607810043330703
1589,0.0905429869890213,0.8621583729982376,0.047298635356128216,0.043244351632893085
1600,0.05703419198592504,0.8929064273834229,0.050059388081232704,0.006974803904692337
1602,0.0866572605445981,0.8786065429449081,0.03473622724413872,0.051921033300459385
1605,0.03937108302488923,0.9212134480476379,0.03941549174487591,-4.440871998667717e-05
1607,0.04526594141498208,0.9260034263134003,0.028730622492730618,0.016535318922251463
1610,0.1612619881828626,0.7378575404485067,0.10088049930830796,0.06038148887455465
1614,0.06012403375158707,0.8812926014264425,0.058583361407121025,0.0015406723444660458
1617,0.10558720007538795,0.8637110352516174,0.03070177473127842,0.07488542534410952
1620,0.04038028046488762,0.8885916024446487,0.07102814875543118,-0.030647868290543556
1626,0.061972652872403465,0.8992613156636556,0.038766040156284966,0.0232066127161185
1627,0.08710988610982895,0.8879444797833761,0.024945615480343502,0.062164270629485444
1629,0.05576703790575266,0.8584197387099266,0.08581324224360287,-0.030046204337850213
1634,0.06937348345915477,0.8875283797581991,0.0430981187770764,0.02627536468207837
1641,0.08253317055377093,0.8135196349837563,0.10394716889343479,-0.021413998339663856
1644,0.05582610294222832,0.9100890040397644,0.0340848833322525,0.02174121960997582
1652,0.0976196926087141,0.6891229644417762,0.2132573790848255,-0.1156376864761114
1653,0.07658547209575772,0.7542149126529694,0.16919964831322432,-0.09261417621746659
1656,0.04293231603999933,0.8491237461566925,0.10794390427569549,-0.06501158823569617
1657,0.03773257434368134,0.8099072754383088,0.15236015245318413,-0.11462757810950279
1658,0.02927515593667825,0.9350948333740234,0.03563000510136286,-0.006354849164684612
1662,0.07584741190075875,0.887252950668335,0.03689960241317749,0.03894780948758126
1665,0.06015695556998253,0.896882164478302,0.04296086952090263,0.0171960860490799
1666,0.06730310199782252,0.8868736028671265,0.045823320746421814,0.02147978125140071
1670,0.04187015518546104,0.9260824680328369,0.03204740472137928,0.009822750464081764
1675,0.039924215991050005,0.8425521999597549,0.11752360360696912,-0.07759938761591911
1676,0.07631778530776501,0.8499250014623007,0.07375722999374072,0.002560555314024285
1677,0.03490859782323241,0.9301171153783798,0.03497428633272648,-6.568850949406624e-05
1685,0.046085709085067116,0.908931295077006,0.044983018189668655,0.0011026908953984602
1687,0.09857301165660222,0.8683798909187317,0.03304707072675228,0.06552594092984994
1690,0.07299636180202167,0.8828800320625305,0.04412360365192095,0.028872758150100715
1694,0.2829425682624181,0.7042001883188883,0.01285725769897302,0.2700853105634451
1702,0.06417556665837765,0.8982391556104025,0.03758526220917702,0.02659030444920063
1703,0.08880982268601656,0.8765223473310471,0.03466783813200891,0.05414198455400765
1707,0.0774042968534761,0.8698966238233778,0.05269905303915342,0.024705243814322687
1711,0.059725068509578705,0.8626848101615906,0.07759012058377265,-0.01786505207419395
1712,0.04173583863303065,0.889799639582634,0.06846453039906919,-0.026728691766038537
1713,0.14345656894147396,0.7612163424491882,0.09532708736757438,0.04812948157389958
1717,0.08169691202541192,0.806084156036377,0.11221893473217885,-0.030522022706766933
1727,0.25095178931951523,0.7049889340996742,0.044059242121875286,0.20689254719763994
1730,0.07153478264808655,0.8822222352027893,0.04624297097325325,0.025291811674833298
1731,0.0551834381185472,0.9053697288036346,0.03944684751331806,0.01573659060522914
1733,0.08807885398467381,0.8411766886711121,0.07074446852008502,0.017334385464588792
1734,0.1311708902940154,0.7935225069522858,0.07530659856274724,0.05586429173126817
1743,0.05102494126185775,0.8785039931535721,0.07047106139361858,-0.019446120131760836
1746,0.1442263349890709,0.7481271922588348,0.10764650503794353,0.036579829951127366
1749,0.08465085302790006,0.8716899156570435,0.043659260496497154,0.0409915925314029
1750,0.039860657105843224,0.7538895408312479,0.20624982876082262,-0.1663891716549794
1753,0.08168761680523555,0.8629462122917175,0.05536620939771334,0.02632140740752221
1759,0.029663470573723316,0.9144560843706131,0.055880448780953884,-0.026216978207230568
1761,0.09362264201045037,0.828133511543274,0.07824384681880474,0.01537879519164563
1774,0.03946402482688427,0.9068088531494141,0.05372713102648655,-0.014263106199602284
1775,0.03978573381900787,0.8260366439819335,0.13417763337492944,-0.09439189955592156
1783,0.14253911872704825,0.7561488548914591,0.10131199657917023,0.04122712214787802
1785,0.0695149049990707,0.8512553870677948,0.07922970255215962,-0.009714797553088919
1788,0.10350467513004939,0.8587925632794698,0.03770274855196476,0.06580192657808463
1793,0.1938874558545649,0.7308905273675919,0.07522200746461749,0.11866544838994741
1794,0.04548440376917521,0.9123340447743734,0.04218158622582754,0.003302817543347672
1818,0.04432142488658428,0.7345046866685152,0.22117387056350707,-0.1768524456769228
1832,0.0592983104288578,0.9116586595773697,0.02904302440583706,0.030255286023020744
1833,0.03395363315939903,0.923715869585673,0.04233051215608915,-0.008376878996690117
1835,0.03203516577680906,0.8977863987286886,0.07017845039566357,-0.038143284618854516
1842,0.04573035575449467,0.8994025468826294,0.054867088235914706,-0.009136732481420037
1843,0.06279479432851076,0.8760815560817719,0.061123636551201344,0.0016711577773094177
1849,0.06404055692255498,0.8818825483322144,0.054076921194791794,0.009963635727763182
1854,0.067366573959589,0.8855303923288981,0.047102995216846466,0.02026357874274254
1856,0.1201749046643575,0.8036001523335775,0.07622493430972099,0.043949970354636506
1859,0.03808403993025422,0.9104379564523697,0.05147799546830356,-0.01339395553804934
1864,0.07407526180825451,0.8806554024869745,0.04526932368224317,0.028805938126011336
1866,0.09465390350669622,0.8731268271803856,0.03221928176935762,0.0624346217373386
1867,0.04350459910929203,0.9159854292869568,0.0405099805444479,0.0029946185648441342
1868,0.05480160377919674,0.8847941160202026,0.06040428206324577,-0.005602678284049034
1879,0.05392502682904402,0.8977359533309937,0.04833902573833863,0.005586001090705395
1880,0.03465061324338118,0.9260596831639608,0.03928969179590543,-0.004639078552524253
1884,0.06514739012345672,0.8993492424488068,0.03550336789339781,0.02964402223005891
1890,0.06566920876502991,0.906553586324056,0.02777724154293537,0.037891967222094536
1892,0.08114128326997161,0.8606245815753937,0.058234130032360554,0.022907153237611055
1896,0.036177982576191425,0.9071988314390182,0.05662318551912904,-0.020445202942937613
1897,0.21956961415708065,0.7216324706872305,0.058797930677731834,0.1607716834793488
1899,0.07952027581632137,0.8863912969827652,0.034088441636413336,0.04543183417990804
1900,0.04723628610372543,0.8641236573457718,0.08864003513008356,-0.04140374902635813
1901,0.09144192710518836,0.8626548647880554,0.045903222635388374,0.04553870446979999
1906,0.08973574079573154,0.8819043189287186,0.02835994795896113,0.061375792836770415
1911,0.025970461467901867,0.9155642787615458,0.058465259770552315,-0.03249479830265045
1912,0.11220858618617058,0.8583536744117737,0.029437782242894173,0.0827708039432764
1918,0.04022812470793724,0.8851830164591471,0.07458884889880817,-0.034360724190870925
1922,0.048776596784591675,0.9012014440127781,0.050021955743432045,-0.0012453589588403702
1924,0.02672103668252627,0.9342029293378195,0.039076036463181175,-0.012354999780654904
1927,0.08887730538845062,0.7995340079069138,0.11158871045336127,-0.02271140506491065
1930,0.08105014637112617,0.890653669834137,0.028296159580349922,0.05275398679077625
1931,0.053871010740598045,0.9127342700958252,0.03339472319930792,0.020476287541290127
1935,0.06416747299954295,0.8898022174835205,0.04603029415011406,0.018137178849428892
1936,0.07360040272275607,0.8935843110084534,0.032815259570876755,0.04078514315187932
1937,0.0326057318598032,0.9031287034352621,0.06426555414994557,-0.03165982229014237
1939,0.06699364352971315,0.8572212755680084,0.07578507531434298,-0.008791431784629822
1940,0.0682190228253603,0.8789506157239279,0.05283035462101301,0.01538866820434729
1942,0.06479572628935178,0.9029624462127686,0.0322417834152778,0.032553942874073975
1946,0.04953702725470066,0.9023828506469727,0.048080114647746086,0.0014569126069545746
1952,0.06774308967093627,0.6664601117372513,0.26579680666327477,-0.19805371699233848
1955,0.12258768205841382,0.8457369407018026,0.03167536202818155,0.09091232003023227
1974,0.09953141435980797,0.8753828525543212,0.025085729733109473,0.0744456846266985
1981,0.048740639351308346,0.9042154252529144,0.04704390652477741,0.0016967328265309334
1984,0.1685677021741867,0.6349267661571503,0.19650551211088896,-0.02793780993670225
1985,0.051754302034775414,0.8959900339444479,0.052255669608712196,-0.0005013675739367826
1993,0.05136992852203548,0.9035105556249619,0.04511951329186559,0.006250415230169892
1994,0.11468321333328883,0.8565162221590678,0.028800584375858307,0.08588262895743053
1995,0.3165474012494087,0.515499621629715,0.16795297587911287,0.14859442537029585
2005,0.03597602620720863,0.9149199922879537,0.04910397653778394,-0.01312795033057531
2006,0.15961536392569542,0.7579038798809051,0.08248073700815439,0.07713462691754103
2009,0.08304938332488139,0.8480127453804016,0.06893788774808247,0.014111495576798916
2012,0.12717453762888908,0.6940276324748993,0.17879783300062022,-0.05162329537173113
2013,0.056620056075709205,0.8962909834725517,0.0470889721597944,0.009531083915914805
2017,0.13703518081456423,0.8211960345506668,0.04176876833662391,0.09526641247794032
2021,0.05634617619216442,0.9011212885379791,0.04253252688795328,0.01381364930421114
2023,0.17268046513199806,0.5740749061107635,0.25324458479881284,-0.08056411966681479
2026,0.10595619305968285,0.8230090022087098,0.07103478945791722,0.03492140360176563
2028,0.17309756577014923,0.7623090545336405,0.06459337721268336,0.10850418855746587
2030,0.11485338248312474,0.8446623682975769,0.04048423059284687,0.07436915189027787
2035,0.15022324717470578,0.77423814364842,0.07553859587226595,0.07468465130243983
2039,0.1021461607888341,0.8578226268291473,0.04003121191635728,0.062114948872476816
2040,0.0900831704493612,0.8442405685782433,0.06567624537274241,0.02440692507661879
2042,0.055381800358494125,0.8768579562505087,0.06776024277011554,-0.012378442411621414
2045,0.08601408544927835,0.8660317808389664,0.047954109497368336,0.03805997595191002
2047,0.03770837979391217,0.9276708960533142,0.03462074836716056,0.0030876314267516136
2050,0.03137649471561114,0.9195224841435751,0.04910102734963099,-0.01772453263401985
2053,0.06633174493908882,0.8156219601631165,0.11804628036916257,-0.051714535430073746
2058,0.11228579171001911,0.8149676442146301,0.07274656593799592,0.03953922577202319
2067,0.04938004786769549,0.8078454732894897,0.1427744689087073,-0.09339442104101181
2068,0.03671338735148311,0.9230297952890396,0.04025678429752588,-0.003543396946042776
2069,0.10551316887140275,0.8084479570388794,0.08603885993361474,0.01947430893778801
2070,0.08105686586350203,0.8156191110610962,0.1033240354930361,-0.02226716962953408
2071,0.05947300628758967,0.6852241959422827,0.25530279986560345,-0.19582979357801378
2073,0.10053874445813042,0.8251033680779594,0.07435790422771658,0.026180840230413838
2076,0.043318163603544235,0.9143908023834229,0.04229103308171034,0.0010271305218338966
2094,0.047709794342517854,0.8877263903617859,0.06456380560994149,-0.016854011267423634
2096,0.04300840059295297,0.9057275056838989,0.05126406764611602,-0.008255667053163052
2103,0.032585467522343,0.9182573556900024,0.049157215282320976,-0.016571747759977974
2109,0.05887953812877337,0.9020546078681946,0.039065850898623466,0.019813687230149903
2110,0.03968060575425625,0.9143531123797098,0.045966289937496185,-0.006285684183239937
2116,0.1707000508904457,0.7292159199714661,0.10008401175340016,0.07061603913704555
2129,0.14011182123795152,0.8354769200086594,0.02441123127937317,0.11570058995857835
2130,0.14111168629356793,0.8083714417048863,0.05051688530615398,0.09059480098741396
2151,0.18242069954673448,0.6835067868232727,0.13407250617941222,0.04834819336732227
2157,0.120813874527812,0.7879477938016256,0.09123832608262698,0.02957554844518502
2160,0.05646101478487253,0.8974669128656387,0.04607204766944051,0.010388967115432024
2161,0.05505717093391078,0.9004402330943516,0.04450258985161781,0.010554581082292964
2167,0.06549558788537979,0.8922935525576273,0.04221085086464882,0.023284737020730972
2175,0.03094305160144965,0.9386206467946371,0.030436270559827488,0.0005067810416221619
2178,0.07468375066916148,0.8886363506317139,0.036679901803533234,0.03800384886562825
2186,0.07392291103800137,0.8855792284011841,0.04049786366522312,0.03342504737277825
2201,0.048406494315713644,0.9225605577230453,0.029032970778644085,0.01937352353706956
2202,0.058424463123083116,0.908784818649292,0.03279073797166347,0.025633725151419644
2208,0.0564235495403409,0.8967172056436539,0.04685923643410206,0.009564313106238842
2210,0.06539446488022804,0.8968877792358398,0.03771776705980301,0.027676697820425034
2212,0.0962782974044482,0.8803055087725321,0.023416195685664814,0.07286210171878338
2216,0.057864620350301266,0.8964629918336868,0.045672337524592876,0.01219228282570839
2218,0.06466929130256176,0.879108852148056,0.05622187629342079,0.008447415009140966
2222,0.04985054023563862,0.9013645450274149,0.04878488679726919,0.0010656534383694308
2223,0.038062303637464844,0.891614298025767,0.07032343496878941,-0.03226113133132457
2225,0.2374992867310842,0.7301558156808218,0.032344917456309,0.2051543692747752
2227,0.06469737142324447,0.8902434945106507,0.045059118419885635,0.019638253003358835
2228,0.06816863144437472,0.7515731453895569,0.1802582200616598,-0.11208958861728509
2229,0.07130218607683976,0.8765710194905599,0.05212680126229922,0.019175384814540543
2231,0.06555547192692757,0.8391135136286417,0.0953310231367747,-0.029775551209847137
2236,0.0674077607691288,0.896605372428894,0.03598688170313835,0.03142087906599045
2240,0.35951397319634754,0.6122558837135633,0.02823015737036864,0.3312838158259789
2241,0.0397926631073157,0.900577982266744,0.059629399329423904,-0.019836736222108207
2242,0.06915914732962847,0.8827751725912094,0.0480656698346138,0.021093477495014668
2244,0.03583080259462198,0.9333840807278951,0.03078511233131091,0.005045690263311069
2247,0.05015395333369573,0.912384827931722,0.03746118148167928,0.012692771852016449
2249,0.16227598674595356,0.8041780889034271,0.03354592085815966,0.1287300658877939
2250,0.08386938315298822,0.8708060946729448,0.04532452424367269,0.038544858909315534
2253,0.039496412367693016,0.7861120581094708,0.17439153072025096,-0.13489511835255794
2258,0.02848527394235134,0.9160844286282858,0.05543029556671778,-0.02694502162436644
2261,0.08131801337003708,0.8680353164672852,0.05064665898680687,0.03067135438323021
2265,0.06606821995228529,0.8983539938926697,0.03557779360562563,0.03049042634665966
2268,0.03121470535794894,0.9349586963653564,0.03382663490871588,-0.0026119295507669414
2271,0.1484199104209741,0.745877762635549,0.10570234432816505,0.04271756609280905
2273,0.03210898178319136,0.9146189490954081,0.05327210699518522,-0.021163125211993858
2277,0.06177924449245135,0.7455166478951772,0.19270413431028524,-0.1309248898178339
2288,0.04625399463943073,0.8996319941111973,0.05411400592752865,-0.00786001128809792
2305,0.06928938552737236,0.8947065353393555,0.036004070192575455,0.03328531533479691
2309,0.06774844353397687,0.895864208539327,0.03638736469050249,0.03136107884347438
2312,0.055983226746320724,0.9137827356656393,0.03023404690126578,0.025749179845054943
2315,0.13032894022762775,0.8151717334985733,0.05449936166405678,0.07582957856357098
2319,0.0719160633161664,0.8902075588703156,0.037876381538808346,0.034039681777358055
2321,0.057738613337278366,0.8881037433942159,0.05415762340029081,0.0035809899369875567
2329,0.09690653905272484,0.8341840505599976,0.06890942032138507,0.027997118731339768
2330,0.12908338010311127,0.7986197769641876,0.07229682663455606,0.05678655346855521
2332,0.05967997992411256,0.9152231365442276,0.02509688725695014,0.03458309266716242
2335,0.0792425995353948,0.8346191278912805,0.08613827358931303,-0.006895674053918235
2336,0.05177703760564327,0.906662380695343,0.041560574620962146,0.010216462984681124
2338,0.11948588024824858,0.8505498915910721,0.02996425051242113,0.08952162973582745
2349,0.06788580305874348,0.8740110248327255,0.058103150222450495,0.009782652836292982
2350,0.05828656908124685,0.9093736112117767,0.03233979269862175,0.025946776382625103
2352,0.14691775913039842,0.8169263005256653,0.0361559372395277,0.11076182189087072
2356,0.04990989218155543,0.9121516942977905,0.037938415383299194,0.011971476798256234
2363,0.06855762749910355,0.9041831692059835,0.027259197706977528,0.041298429792126015
2365,0.04832694446668029,0.9038045555353165,0.04786851489916444,0.00045842956751585007
2368,0.07728674014409383,0.8821129202842712,0.04060035819808642,0.03668638194600741
2369,0.06980936621364794,0.8675956945670279,0.06259493745471302,0.007214428758934924
2378,0.08190139755606651,0.890559713045756,0.027538896227876346,0.05436250132819016
2380,0.036073237657547,0.9238265752792358,0.040100205689668655,-0.004026968032121658
2381,0.030255425721406937,0.9401850700378418,0.02955952286720276,0.0006959028542041779
2391,0.026618304196745157,0.9301972687244415,0.04318440891802311,-0.016566104721277952
2395,0.10023633727715128,0.8346285223960876,0.06513512258728345,0.035101214689867835
2397,0.06987638523181279,0.8953753312428793,0.034748295011619725,0.035128090220193066
2401,0.12208428722806275,0.8042557314038277,0.0736599649535492,0.04842432227451354
2414,0.08408574880484272,0.8390099756857928,0.07690428131643463,0.007181467488408089
2418,0.09856278635561466,0.71057857076327,0.1908586286008358,-0.09229584224522114
2419,0.1361363038420677,0.7476316571235657,0.11623204424977303,0.01990425959229468
2425,0.375096636513869,0.5941106267273426,0.030792761594057083,0.3443038749198119
2428,0.09932462374369304,0.8200369217456915,0.08063845154948723,0.018686172194205805
2430,0.08532696682959795,0.8604870066046715,0.05418602819554508,0.031140938634052873
2434,0.12458571179636888,0.786504898752485,0.08890936842986516,0.035676343366503716
2435,0.06852552387863398,0.8849568068981171,0.04651765804737806,0.022007865831255913
2441,0.06907876282930374,0.850957989692688,0.07996324151754379,-0.010884478688240051
2442,0.05070406819383303,0.9158888260523478,0.03340709023177624,0.017296977962056793
2447,0.06830377790790337,0.8753781914710999,0.05631802789866924,0.01198575000923413
2452,0.06243591119224826,0.8723098536332449,0.0652542405296117,-0.002818329337363444
2457,0.19151196479797364,0.7709652602672576,0.03752276320010424,0.15398920159786939
2458,0.11191742718219758,0.8560871243476867,0.03199544288218022,0.07992198430001736
2459,0.18126956621805826,0.7256027460098267,0.09312767783800761,0.08814188838005065
2460,0.11473392974585295,0.8457727034886678,0.03949337390561899,0.07524055584023395
2472,0.10903114918619394,0.7845349714159966,0.1064338748343289,0.0025972743518650476
2478,0.04062426742166281,0.9197263568639755,0.039649346843361855,0.0009749205783009529
2479,0.08796303639454502,0.8369872229439872,0.0750497326787029,0.012913303715842123
2480,0.06640480024119218,0.8515682220458984,0.08202696094910304,-0.015622160707910865
2481,0.06959541980177164,0.8469624138540692,0.08344216634415919,-0.013846746542387545
2484,0.06659434239069621,0.9016995628674825,0.031706087912122406,0.034888254478573806
2487,0.06351783374945323,0.8942254980405172,0.04225667007267475,0.02126116367677848
2489,0.06991655845195055,0.8969399780035019,0.03314348286949098,0.03677307558245957
2491,0.038527196273207664,0.9124636252721151,0.049009191493193306,-0.010481995219985642
2492,0.05148692987859249,0.9169688820838928,0.03154420706310442,0.01994272281548807
2494,0.043331575114279985,0.9303961396217346,0.02627226384356618,0.017059311270713806
2516,0.07133299428969622,0.8762778252363205,0.05238917581737042,0.018943818472325805
2520,0.1184930441280206,0.79926464955012,0.08224230197568734,0.03625074215233326
2521,0.05263118383785089,0.8972825407981873,0.05008627846837044,0.0025449053694804533
2526,0.10129043290560896,0.8150081146847118,0.08370144495909865,0.017588987946510315
2533,0.09058866525689761,0.8912226955095927,0.018188657859961193,0.07240000739693642
2536,0.03669008115927378,0.9117295543352762,0.05158034091194471,-0.014890259752670928
2537,0.06719555829962094,0.8242436250050863,0.10856082290410995,-0.04136526460448901
2545,0.0869040454604796,0.8218336701393127,0.09126228493239198,-0.004358239471912384
2547,0.04061194074650606,0.9263846675554911,0.03300337803860506,0.007608562707901001
2548,0.3244410641491413,0.6252419874072075,0.05031697762509187,0.27412408652404946
2551,0.05718792602419853,0.897224227587382,0.04558784266312917,0.011600083361069359
2552,0.07784666400402784,0.6167853381484747,0.30536797805689275,-0.2275213140528649
2555,0.0627929181791842,0.9019345492124557,0.03527255496010184,0.027520363219082355
2563,0.047245170921087265,0.9097259938716888,0.04302882053889334,0.004216350382193923
2566,0.16227424703538418,0.7386892914772034,0.09903644304722548,0.0632378039881587
2570,0.05063410177826881,0.9176733016967773,0.03169256411492825,0.018941537663340564
2574,0.04758901654609612,0.8757366112300328,0.07667437195777893,-0.029085355411682813
2579,0.11517856021722157,0.8145023882389069,0.07031903136521578,0.044859528852005795
2583,0.05547006366153558,0.9109034736951193,0.03362649461875359,0.021843569042781993
2584,0.06916045024991035,0.8888904899358749,0.04194903653115034,0.027211413718760014
2585,0.02712501771748066,0.9262451728185018,0.04662975730995337,-0.01950473959247271
2588,0.07815849196551175,0.8493750157027409,0.07246649528628793,0.005691996679223821
2591,0.07072996208444238,0.8865605145692825,0.042709536384791136,0.02802042569965124
2592,0.08496081549674273,0.8826057761907578,0.03243339899927378,0.05252741649746895
2605,0.054567803939183555,0.9105699062347412,0.03486227709800005,0.019705526841183506
2606,0.05110897170379758,0.9149964153766632,0.03389461152255535,0.017214360181242228
2614,0.09547759741544723,0.8390799045562745,0.06544247679412366,0.030035120621323574
2618,0.10281800851225853,0.8658765554428101,0.031305461190640926,0.0715125473216176
2619,0.03018343448638916,0.9321250716845194,0.03769150748848915,-0.007508073002099991
2625,0.04585203668102622,0.9160996079444885,0.03804833721369505,0.007803699467331171
2627,0.04801418135563532,0.9235504468282064,0.028435369332631428,0.019578812023003895
2631,0.03754338932534059,0.9351732134819031,0.027283428857723873,0.010259960467616718
2632,0.1454196902923286,0.8220602571964264,0.03252004995010793,0.11289964034222066
2634,0.11276794131845236,0.8258535712957382,0.061378502985462546,0.05138943833298981
2647,0.08639081039776404,0.8558695216973623,0.057739660143852234,0.02865115025391181
2652,0.07974788174033165,0.8976526856422424,0.022599454348285992,0.05714842739204566
2670,0.08696376283963521,0.8416592677434286,0.07137695327401161,0.015586809565623597
2673,0.04999941475689411,0.8253322184085846,0.12466835454106331,-0.0746689397841692
2681,0.09744990710169077,0.7969616204500198,0.1055884463712573,-0.008138539269566536
